log_size,precomp,c,msm_time(ms)
10.0,7.0,9.0,2.524
10.0,7.0,10.0,1.692
10.0,7.0,11.0,4.057
10.0,7.0,12.0,4.222
10.0,7.0,13.0,1.983
10.0,7.0,14.0,7.485
10.0,7.0,15.0,1.768
10.0,7.0,16.0,2.066
10.0,7.0,17.0,5.747
10.0,7.0,18.0,5.907
10.0,7.0,19.0,4.11
10.0,7.0,20.0,7.506
10.0,7.0,21.0,12.938
10.0,7.0,22.0,23.561
10.0,7.0,23.0,47.682
10.0,8.0,9.0,1.73
10.0,8.0,10.0,2.181
10.0,8.0,11.0,3.964
10.0,8.0,12.0,3.998
10.0,8.0,13.0,1.706
10.0,8.0,14.0,4.381
10.0,8.0,15.0,1.791
10.0,8.0,16.0,1.713
10.0,8.0,17.0,2.393
10.0,8.0,18.0,5.066
10.0,8.0,19.0,4.133
10.0,8.0,20.0,7.644
10.0,8.0,21.0,13.838
10.0,8.0,22.0,27.221
10.0,8.0,23.0,45.555
10.0,9.0,9.0,1.783
10.0,9.0,10.0,2.322
10.0,9.0,11.0,4.081
10.0,9.0,12.0,4.257
10.0,9.0,13.0,1.829
10.0,9.0,14.0,4.219
10.0,9.0,15.0,1.496
10.0,9.0,16.0,1.726
10.0,9.0,17.0,2.126
10.0,9.0,18.0,5.832
10.0,9.0,19.0,4.129
10.0,9.0,20.0,7.884
10.0,9.0,21.0,12.766
10.0,9.0,22.0,24.332
10.0,9.0,23.0,47.415
10.0,10.0,9.0,1.637
10.0,10.0,10.0,2.014
10.0,10.0,11.0,3.91
10.0,10.0,12.0,4.011
10.0,10.0,13.0,1.476
10.0,10.0,14.0,3.933
10.0,10.0,15.0,1.488
10.0,10.0,16.0,2.002
10.0,10.0,17.0,3.007
10.0,10.0,18.0,4.979
10.0,10.0,19.0,4.153
10.0,10.0,20.0,10.501
10.0,10.0,21.0,13.122
10.0,10.0,22.0,23.558
10.0,10.0,23.0,53.287
10.0,11.0,9.0,2.081
10.0,11.0,10.0,2.672
10.0,11.0,11.0,3.784
10.0,11.0,12.0,3.789
10.0,11.0,13.0,1.671
10.0,11.0,14.0,3.85
10.0,11.0,15.0,1.498
10.0,11.0,16.0,2.116
10.0,11.0,17.0,2.144
10.0,11.0,18.0,4.961
10.0,11.0,19.0,4.461
10.0,11.0,20.0,7.222
10.0,11.0,21.0,12.094
10.0,11.0,22.0,23.777
10.0,11.0,23.0,45.402
10.0,12.0,9.0,2.064
10.0,12.0,10.0,2.161
10.0,12.0,11.0,3.621
10.0,12.0,12.0,3.951
10.0,12.0,13.0,1.479
10.0,12.0,14.0,4.016
10.0,12.0,15.0,1.533
10.0,12.0,16.0,1.72
10.0,12.0,17.0,2.921
10.0,12.0,18.0,4.868
10.0,12.0,19.0,4.52
10.0,12.0,20.0,7.847
10.0,12.0,21.0,12.469
10.0,12.0,22.0,11.759
10.0,12.0,23.0,24.288
10.0,13.0,9.0,1.686
10.0,13.0,10.0,2.046
10.0,13.0,11.0,3.838
10.0,13.0,12.0,3.794
10.0,13.0,13.0,1.461
10.0,13.0,14.0,4.043
10.0,13.0,15.0,1.483
10.0,13.0,16.0,1.713
10.0,13.0,17.0,3.664
10.0,13.0,18.0,5.195
10.0,13.0,19.0,4.597
10.0,13.0,20.0,4.576
10.0,13.0,21.0,8.1
10.0,13.0,22.0,18.391
10.0,13.0,23.0,27.141
10.0,14.0,9.0,2.073
10.0,14.0,10.0,1.891
10.0,14.0,11.0,3.591
10.0,14.0,12.0,4.19
10.0,14.0,13.0,1.487
10.0,14.0,14.0,3.885
10.0,14.0,15.0,1.625
10.0,14.0,16.0,1.711
10.0,14.0,17.0,2.628
10.0,14.0,18.0,4.912
10.0,14.0,19.0,2.474
10.0,14.0,20.0,5.1
10.0,14.0,21.0,7.742
10.0,14.0,22.0,17.006
10.0,14.0,23.0,22.92
10.0,15.0,9.0,1.589
10.0,15.0,10.0,2.151
10.0,15.0,11.0,3.348
10.0,15.0,12.0,3.814
10.0,15.0,13.0,2.025
10.0,15.0,14.0,4.05
10.0,15.0,15.0,1.493
10.0,15.0,16.0,1.71
10.0,15.0,17.0,1.522
10.0,15.0,18.0,4.249
10.0,15.0,19.0,2.497
10.0,15.0,20.0,4.386
10.0,15.0,21.0,7.774
10.0,15.0,22.0,12.996
10.0,15.0,23.0,29.166
10.0,16.0,9.0,2.034
10.0,16.0,10.0,1.966
10.0,16.0,11.0,3.941
10.0,16.0,12.0,3.729
10.0,16.0,13.0,1.503
10.0,16.0,14.0,4.584
10.0,16.0,15.0,1.555
10.0,16.0,16.0,1.258
10.0,16.0,17.0,1.933
10.0,16.0,18.0,4.419
10.0,16.0,19.0,5.663
10.0,16.0,20.0,4.9
10.0,16.0,21.0,7.984
10.0,16.0,22.0,12.082
10.0,16.0,23.0,32.548
10.0,17.0,9.0,3.701
10.0,17.0,10.0,1.993
10.0,17.0,11.0,3.688
10.0,17.0,12.0,3.985
10.0,17.0,13.0,1.467
10.0,17.0,14.0,3.768
10.0,17.0,15.0,1.228
10.0,17.0,16.0,1.263
10.0,17.0,17.0,1.553
10.0,17.0,18.0,4.671
10.0,17.0,19.0,2.512
10.0,17.0,20.0,4.275
10.0,17.0,21.0,7.777
10.0,17.0,22.0,11.952
10.0,17.0,23.0,27.533
10.0,18.0,9.0,3.707
10.0,18.0,10.0,1.935
10.0,18.0,11.0,3.622
10.0,18.0,12.0,4.043
10.0,18.0,13.0,1.493
10.0,18.0,14.0,4.461
10.0,18.0,15.0,1.224
10.0,18.0,16.0,1.556
10.0,18.0,17.0,1.541
10.0,18.0,18.0,4.22
10.0,18.0,19.0,3.171
10.0,18.0,20.0,4.251
10.0,18.0,21.0,8.304
10.0,18.0,22.0,15.495
10.0,18.0,23.0,26.743
10.0,19.0,9.0,3.867
10.0,19.0,10.0,1.933
10.0,19.0,11.0,3.514
10.0,19.0,12.0,3.9
10.0,19.0,13.0,1.498
10.0,19.0,14.0,3.587
10.0,19.0,15.0,1.221
10.0,19.0,16.0,1.65
10.0,19.0,17.0,1.979
10.0,19.0,18.0,4.111
10.0,19.0,19.0,2.97
10.0,19.0,20.0,4.476
10.0,19.0,21.0,8.316
10.0,19.0,22.0,12.444
10.0,19.0,23.0,23.07
10.0,20.0,9.0,3.716
10.0,20.0,10.0,1.907
10.0,20.0,11.0,3.512
10.0,20.0,12.0,3.748
10.0,20.0,13.0,1.27
10.0,20.0,14.0,3.621
10.0,20.0,15.0,1.278
10.0,20.0,16.0,1.276
10.0,20.0,17.0,1.81
10.0,20.0,18.0,4.091
10.0,20.0,19.0,2.478
10.0,20.0,20.0,4.125
10.0,20.0,21.0,8.282
10.0,20.0,22.0,12.485
10.0,20.0,23.0,23.986
10.0,21.0,9.0,3.866
10.0,21.0,10.0,1.954
10.0,21.0,11.0,3.382
10.0,21.0,12.0,3.671
10.0,21.0,13.0,1.245
10.0,21.0,14.0,3.822
10.0,21.0,15.0,1.551
10.0,21.0,16.0,1.7
10.0,21.0,17.0,1.513
10.0,21.0,18.0,4.126
10.0,21.0,19.0,2.481
10.0,21.0,20.0,4.11
10.0,21.0,21.0,7.792
10.0,21.0,22.0,16.539
10.0,21.0,23.0,23.034
10.0,22.0,9.0,4.406
10.0,22.0,10.0,2.043
10.0,22.0,11.0,3.665
10.0,22.0,12.0,3.517
10.0,22.0,13.0,1.272
10.0,22.0,14.0,3.842
10.0,22.0,15.0,1.226
10.0,22.0,16.0,1.265
10.0,22.0,17.0,1.852
10.0,22.0,18.0,4.364
10.0,22.0,19.0,2.452
10.0,22.0,20.0,7.945
10.0,22.0,21.0,8.331
10.0,22.0,22.0,13.605
10.0,22.0,23.0,23.677
10.0,23.0,9.0,3.755
10.0,23.0,10.0,2.05
10.0,23.0,11.0,4.008
10.0,23.0,12.0,3.618
10.0,23.0,13.0,1.274
10.0,23.0,14.0,3.695
10.0,23.0,15.0,1.241
10.0,23.0,16.0,1.277
10.0,23.0,17.0,1.513
10.0,23.0,18.0,4.167
10.0,23.0,19.0,2.483
10.0,23.0,20.0,3.84
10.0,23.0,21.0,8.127
10.0,23.0,22.0,12.144
10.0,23.0,23.0,23.054
10.0,24.0,9.0,3.879
10.0,24.0,10.0,1.873
10.0,24.0,11.0,3.641
10.0,24.0,12.0,3.513
10.0,24.0,13.0,1.265
10.0,24.0,14.0,3.678
10.0,24.0,15.0,1.213
10.0,24.0,16.0,1.278
10.0,24.0,17.0,1.531
10.0,24.0,18.0,4.149
10.0,24.0,19.0,2.447
10.0,24.0,20.0,4.176
10.0,24.0,21.0,7.997
10.0,24.0,22.0,12.75
10.0,24.0,23.0,23.571
11.0,7.0,9.0,2.028
11.0,7.0,10.0,2.423
11.0,7.0,11.0,1.95
11.0,7.0,12.0,6.539
11.0,7.0,13.0,1.825
11.0,7.0,14.0,6.638
11.0,7.0,15.0,1.805
11.0,7.0,16.0,2.367
11.0,7.0,17.0,5.586
11.0,7.0,18.0,8.204
11.0,7.0,19.0,4.755
11.0,7.0,20.0,7.673
11.0,7.0,21.0,14.951
11.0,7.0,22.0,24.149
11.0,7.0,23.0,51.534
11.0,8.0,9.0,1.974
11.0,8.0,10.0,2.737
11.0,8.0,11.0,1.764
11.0,8.0,12.0,6.614
11.0,8.0,13.0,1.796
11.0,8.0,14.0,6.667
11.0,8.0,15.0,1.818
11.0,8.0,16.0,1.711
11.0,8.0,17.0,2.165
11.0,8.0,18.0,7.597
11.0,8.0,19.0,4.116
11.0,8.0,20.0,7.101
11.0,8.0,21.0,15.804
11.0,8.0,22.0,27.806
11.0,8.0,23.0,45.2
11.0,9.0,9.0,2.041
11.0,9.0,10.0,2.682
11.0,9.0,11.0,1.851
11.0,9.0,12.0,6.944
11.0,9.0,13.0,1.863
11.0,9.0,14.0,6.815
11.0,9.0,15.0,1.516
11.0,9.0,16.0,3.765
11.0,9.0,17.0,2.13
11.0,9.0,18.0,7.737
11.0,9.0,19.0,4.13
11.0,9.0,20.0,11.479
11.0,9.0,21.0,14.755
11.0,9.0,22.0,23.334
11.0,9.0,23.0,54.29
11.0,10.0,9.0,4.61
11.0,10.0,10.0,2.823
11.0,10.0,11.0,1.83
11.0,10.0,12.0,6.547
11.0,10.0,13.0,1.971
11.0,10.0,14.0,6.588
11.0,10.0,15.0,1.542
11.0,10.0,16.0,1.714
11.0,10.0,17.0,2.154
11.0,10.0,18.0,7.645
11.0,10.0,19.0,7.378
11.0,10.0,20.0,7.968
11.0,10.0,21.0,14.593
11.0,10.0,22.0,23.789
11.0,10.0,23.0,50.116
11.0,11.0,9.0,1.997
11.0,11.0,10.0,2.991
11.0,11.0,11.0,2.225
11.0,11.0,12.0,6.345
11.0,11.0,13.0,1.893
11.0,11.0,14.0,6.446
11.0,11.0,15.0,1.536
11.0,11.0,16.0,1.762
11.0,11.0,17.0,2.142
11.0,11.0,18.0,7.7
11.0,11.0,19.0,4.156
11.0,11.0,20.0,7.17
11.0,11.0,21.0,15.035
11.0,11.0,22.0,25.117
11.0,11.0,23.0,55.512
11.0,12.0,9.0,2.216
11.0,12.0,10.0,2.761
11.0,12.0,11.0,1.532
11.0,12.0,12.0,6.203
11.0,12.0,13.0,1.628
11.0,12.0,14.0,6.457
11.0,12.0,15.0,1.541
11.0,12.0,16.0,1.712
11.0,12.0,17.0,5.334
11.0,12.0,18.0,7.641
11.0,12.0,19.0,4.515
11.0,12.0,20.0,6.767
11.0,12.0,21.0,15.602
11.0,12.0,22.0,11.965
11.0,12.0,23.0,26.5
11.0,13.0,9.0,2.159
11.0,13.0,10.0,3.3
11.0,13.0,11.0,8.481
11.0,13.0,12.0,6.224
11.0,13.0,13.0,1.629
11.0,13.0,14.0,6.403
11.0,13.0,15.0,1.525
11.0,13.0,16.0,1.722
11.0,13.0,17.0,2.13
11.0,13.0,18.0,7.347
11.0,13.0,19.0,4.284
11.0,13.0,20.0,3.885
11.0,13.0,21.0,11.25
11.0,13.0,22.0,12.573
11.0,13.0,23.0,27.881
11.0,14.0,9.0,2.056
11.0,14.0,10.0,3.257
11.0,14.0,11.0,1.555
11.0,14.0,12.0,6.33
11.0,14.0,13.0,1.601
11.0,14.0,14.0,6.564
11.0,14.0,15.0,1.523
11.0,14.0,16.0,1.717
11.0,14.0,17.0,2.659
11.0,14.0,18.0,7.677
11.0,14.0,19.0,2.508
11.0,14.0,20.0,4.337
11.0,14.0,21.0,10.982
11.0,14.0,22.0,11.726
11.0,14.0,23.0,30.626
11.0,15.0,9.0,1.968
11.0,15.0,10.0,2.889
11.0,15.0,11.0,1.903
11.0,15.0,12.0,6.368
11.0,15.0,13.0,1.606
11.0,15.0,14.0,6.202
11.0,15.0,15.0,1.796
11.0,15.0,16.0,1.739
11.0,15.0,17.0,2.287
11.0,15.0,18.0,6.801
11.0,15.0,19.0,2.463
11.0,15.0,20.0,4.263
11.0,15.0,21.0,10.422
11.0,15.0,22.0,11.799
11.0,15.0,23.0,23.777
11.0,16.0,9.0,2.482
11.0,16.0,10.0,2.906
11.0,16.0,11.0,1.62
11.0,16.0,12.0,6.359
11.0,16.0,13.0,1.599
11.0,16.0,14.0,6.626
11.0,16.0,15.0,1.992
11.0,16.0,16.0,1.288
11.0,16.0,17.0,1.556
11.0,16.0,18.0,6.644
11.0,16.0,19.0,2.489
11.0,16.0,20.0,6.644
11.0,16.0,21.0,10.5
11.0,16.0,22.0,13.344
11.0,16.0,23.0,23.706
11.0,17.0,9.0,2.133
11.0,17.0,10.0,2.746
11.0,17.0,11.0,1.586
11.0,17.0,12.0,6.299
11.0,17.0,13.0,1.591
11.0,17.0,14.0,6.46
11.0,17.0,15.0,1.255
11.0,17.0,16.0,1.306
11.0,17.0,17.0,1.542
11.0,17.0,18.0,6.975
11.0,17.0,19.0,2.484
11.0,17.0,20.0,4.143
11.0,17.0,21.0,10.226
11.0,17.0,22.0,12.986
11.0,17.0,23.0,25.706
11.0,18.0,9.0,6.995
11.0,18.0,10.0,2.836
11.0,18.0,11.0,1.607
11.0,18.0,12.0,6.377
11.0,18.0,13.0,1.593
11.0,18.0,14.0,6.498
11.0,18.0,15.0,2.131
11.0,18.0,16.0,1.786
11.0,18.0,17.0,1.545
11.0,18.0,18.0,6.632
11.0,18.0,19.0,2.544
11.0,18.0,20.0,3.9
11.0,18.0,21.0,10.653
11.0,18.0,22.0,12.241
11.0,18.0,23.0,26.264
11.0,19.0,9.0,6.762
11.0,19.0,10.0,2.875
11.0,19.0,11.0,1.578
11.0,19.0,12.0,6.531
11.0,19.0,13.0,1.663
11.0,19.0,14.0,6.409
11.0,19.0,15.0,1.24
11.0,19.0,16.0,1.75
11.0,19.0,17.0,1.663
11.0,19.0,18.0,6.741
11.0,19.0,19.0,2.777
11.0,19.0,20.0,3.91
11.0,19.0,21.0,10.294
11.0,19.0,22.0,13.395
11.0,19.0,23.0,26.907
11.0,20.0,9.0,7.374
11.0,20.0,10.0,2.93
11.0,20.0,11.0,1.597
11.0,20.0,12.0,6.223
11.0,20.0,13.0,1.86
11.0,20.0,14.0,6.833
11.0,20.0,15.0,1.522
11.0,20.0,16.0,1.304
11.0,20.0,17.0,1.545
11.0,20.0,18.0,6.794
11.0,20.0,19.0,2.42
11.0,20.0,20.0,4.315
11.0,20.0,21.0,10.585
11.0,20.0,22.0,12.619
11.0,20.0,23.0,23.8
11.0,21.0,9.0,6.654
11.0,21.0,10.0,2.989
11.0,21.0,11.0,1.595
11.0,21.0,12.0,6.083
11.0,21.0,13.0,1.615
11.0,21.0,14.0,6.294
11.0,21.0,15.0,1.252
11.0,21.0,16.0,1.313
11.0,21.0,17.0,2.366
11.0,21.0,18.0,7.461
11.0,21.0,19.0,3.144
11.0,21.0,20.0,4.321
11.0,21.0,21.0,15.533
11.0,21.0,22.0,13.729
11.0,21.0,23.0,24.292
11.0,22.0,9.0,6.671
11.0,22.0,10.0,2.794
11.0,22.0,11.0,1.612
11.0,22.0,12.0,6.135
11.0,22.0,13.0,1.44
11.0,22.0,14.0,6.278
11.0,22.0,15.0,1.269
11.0,22.0,16.0,1.308
11.0,22.0,17.0,1.542
11.0,22.0,18.0,6.98
11.0,22.0,19.0,2.853
11.0,22.0,20.0,4.086
11.0,22.0,21.0,10.672
11.0,22.0,22.0,11.927
11.0,22.0,23.0,24.354
11.0,23.0,9.0,6.639
11.0,23.0,10.0,2.793
11.0,23.0,11.0,1.628
11.0,23.0,12.0,5.97
11.0,23.0,13.0,1.475
11.0,23.0,14.0,6.25
11.0,23.0,15.0,1.285
11.0,23.0,16.0,1.292
11.0,23.0,17.0,1.565
11.0,23.0,18.0,6.733
11.0,23.0,19.0,2.498
11.0,23.0,20.0,3.846
11.0,23.0,21.0,10.68
11.0,23.0,22.0,13.541
11.0,23.0,23.0,23.947
11.0,24.0,9.0,6.602
11.0,24.0,10.0,3.217
11.0,24.0,11.0,1.444
11.0,24.0,12.0,6.059
11.0,24.0,13.0,1.446
11.0,24.0,14.0,6.141
11.0,24.0,15.0,1.469
11.0,24.0,16.0,1.312
11.0,24.0,17.0,1.894
11.0,24.0,18.0,6.738
11.0,24.0,19.0,2.495
11.0,24.0,20.0,3.897
11.0,24.0,21.0,10.312
11.0,24.0,22.0,13.434
11.0,24.0,23.0,23.536
12.0,7.0,9.0,3.173
12.0,7.0,10.0,2.81
12.0,7.0,11.0,2.629
12.0,7.0,12.0,2.648
12.0,7.0,13.0,2.616
12.0,7.0,14.0,12.362
12.0,7.0,15.0,2.793
12.0,7.0,16.0,2.69
12.0,7.0,17.0,3.95
12.0,7.0,18.0,13.437
12.0,7.0,19.0,5.146
12.0,7.0,20.0,7.03
12.0,7.0,21.0,19.548
12.0,7.0,22.0,23.438
12.0,7.0,23.0,46.585
12.0,8.0,9.0,3.263
12.0,8.0,10.0,2.553
12.0,8.0,11.0,2.457
12.0,8.0,12.0,2.498
12.0,8.0,13.0,2.62
12.0,8.0,14.0,12.515
12.0,8.0,15.0,2.533
12.0,8.0,16.0,2.323
12.0,8.0,17.0,2.815
12.0,8.0,18.0,12.83
12.0,8.0,19.0,4.943
12.0,8.0,20.0,7.738
12.0,8.0,21.0,20.63
12.0,8.0,22.0,23.941
12.0,8.0,23.0,46.036
12.0,9.0,9.0,3.226
12.0,9.0,10.0,4.692
12.0,9.0,11.0,2.652
12.0,9.0,12.0,2.516
12.0,9.0,13.0,2.622
12.0,9.0,14.0,12.72
12.0,9.0,15.0,2.139
12.0,9.0,16.0,2.33
12.0,9.0,17.0,2.728
12.0,9.0,18.0,13.021
12.0,9.0,19.0,7.596
12.0,9.0,20.0,7.367
12.0,9.0,21.0,23.821
12.0,9.0,22.0,26.394
12.0,9.0,23.0,45.996
12.0,10.0,9.0,3.097
12.0,10.0,10.0,4.875
12.0,10.0,11.0,2.519
12.0,10.0,12.0,2.779
12.0,10.0,13.0,2.456
12.0,10.0,14.0,12.025
12.0,10.0,15.0,2.23
12.0,10.0,16.0,2.342
12.0,10.0,17.0,2.718
12.0,10.0,18.0,13.203
12.0,10.0,19.0,7.93
12.0,10.0,20.0,10.073
12.0,10.0,21.0,20.009
12.0,10.0,22.0,24.259
12.0,10.0,23.0,66.706
12.0,11.0,9.0,3.113
12.0,11.0,10.0,5.023
12.0,11.0,11.0,3.587
12.0,11.0,12.0,2.657
12.0,11.0,13.0,2.416
12.0,11.0,14.0,12.473
12.0,11.0,15.0,2.139
12.0,11.0,16.0,2.303
12.0,11.0,17.0,2.722
12.0,11.0,18.0,12.745
12.0,11.0,19.0,4.868
12.0,11.0,20.0,7.563
12.0,11.0,21.0,19.954
12.0,11.0,22.0,27.404
12.0,11.0,23.0,50.108
12.0,12.0,9.0,3.152
12.0,12.0,10.0,4.931
12.0,12.0,11.0,2.228
12.0,12.0,12.0,2.294
12.0,12.0,13.0,3.172
12.0,12.0,14.0,12.03
12.0,12.0,15.0,2.139
12.0,12.0,16.0,2.328
12.0,12.0,17.0,3.251
12.0,12.0,18.0,12.885
12.0,12.0,19.0,5.088
12.0,12.0,20.0,7.251
12.0,12.0,21.0,23.641
12.0,12.0,22.0,12.193
12.0,12.0,23.0,27.475
12.0,13.0,9.0,3.397
12.0,13.0,10.0,4.895
12.0,13.0,11.0,2.27
12.0,13.0,12.0,2.311
12.0,13.0,13.0,2.468
12.0,13.0,14.0,12.059
12.0,13.0,15.0,2.124
12.0,13.0,16.0,2.38
12.0,13.0,17.0,2.8
12.0,13.0,18.0,12.77
12.0,13.0,19.0,5.129
12.0,13.0,20.0,4.663
12.0,13.0,21.0,15.233
12.0,13.0,22.0,13.118
12.0,13.0,23.0,28.197
12.0,14.0,9.0,3.269
12.0,14.0,10.0,4.904
12.0,14.0,11.0,2.321
12.0,14.0,12.0,2.076
12.0,14.0,13.0,2.446
12.0,14.0,14.0,11.736
12.0,14.0,15.0,2.15
12.0,14.0,16.0,2.414
12.0,14.0,17.0,3.063
12.0,14.0,18.0,13.525
12.0,14.0,19.0,2.999
12.0,14.0,20.0,4.262
12.0,14.0,21.0,16.061
12.0,14.0,22.0,11.828
12.0,14.0,23.0,28.579
12.0,15.0,9.0,3.536
12.0,15.0,10.0,5.074
12.0,15.0,11.0,2.737
12.0,15.0,12.0,2.295
12.0,15.0,13.0,2.467
12.0,15.0,14.0,12.081
12.0,15.0,15.0,2.147
12.0,15.0,16.0,2.327
12.0,15.0,17.0,2.141
12.0,15.0,18.0,12.147
12.0,15.0,19.0,3.165
12.0,15.0,20.0,4.147
12.0,15.0,21.0,15.845
12.0,15.0,22.0,12.155
12.0,15.0,23.0,30.958
12.0,16.0,9.0,3.441
12.0,16.0,10.0,5.146
12.0,16.0,11.0,2.33
12.0,16.0,12.0,2.371
12.0,16.0,13.0,2.492
12.0,16.0,14.0,11.862
12.0,16.0,15.0,2.142
12.0,16.0,16.0,1.922
12.0,16.0,17.0,2.168
12.0,16.0,18.0,12.383
12.0,16.0,19.0,3.062
12.0,16.0,20.0,4.492
12.0,16.0,21.0,16.224
12.0,16.0,22.0,12.516
12.0,16.0,23.0,27.947
12.0,17.0,9.0,12.434
12.0,17.0,10.0,5.085
12.0,17.0,11.0,2.729
12.0,17.0,12.0,2.333
12.0,17.0,13.0,2.481
12.0,17.0,14.0,12.285
12.0,17.0,15.0,1.93
12.0,17.0,16.0,1.909
12.0,17.0,17.0,2.148
12.0,17.0,18.0,12.156
12.0,17.0,19.0,4.115
12.0,17.0,20.0,5.023
12.0,17.0,21.0,15.387
12.0,17.0,22.0,13.434
12.0,17.0,23.0,28.57
12.0,18.0,9.0,12.527
12.0,18.0,10.0,5.392
12.0,18.0,11.0,2.372
12.0,18.0,12.0,2.316
12.0,18.0,13.0,2.422
12.0,18.0,14.0,11.897
12.0,18.0,15.0,1.871
12.0,18.0,16.0,1.895
12.0,18.0,17.0,2.148
12.0,18.0,18.0,12.147
12.0,18.0,19.0,3.241
12.0,18.0,20.0,4.826
12.0,18.0,21.0,15.152
12.0,18.0,22.0,12.031
12.0,18.0,23.0,27.723
12.0,19.0,9.0,12.9
12.0,19.0,10.0,5.163
12.0,19.0,11.0,2.842
12.0,19.0,12.0,2.328
12.0,19.0,13.0,2.433
12.0,19.0,14.0,11.882
12.0,19.0,15.0,2.162
12.0,19.0,16.0,1.913
12.0,19.0,17.0,2.156
12.0,19.0,18.0,12.481
12.0,19.0,19.0,3.133
12.0,19.0,20.0,4.893
12.0,19.0,21.0,15.241
12.0,19.0,22.0,12.363
12.0,19.0,23.0,29.764
12.0,20.0,9.0,12.679
12.0,20.0,10.0,5.165
12.0,20.0,11.0,2.687
12.0,20.0,12.0,2.363
12.0,20.0,13.0,2.304
12.0,20.0,14.0,12.196
12.0,20.0,15.0,2.063
12.0,20.0,16.0,1.912
12.0,20.0,17.0,2.157
12.0,20.0,18.0,12.414
12.0,20.0,19.0,3.074
12.0,20.0,20.0,4.873
12.0,20.0,21.0,15.089
12.0,20.0,22.0,15.492
12.0,20.0,23.0,28.599
12.0,21.0,9.0,12.541
12.0,21.0,10.0,5.015
12.0,21.0,11.0,2.817
12.0,21.0,12.0,2.401
12.0,21.0,13.0,2.317
12.0,21.0,14.0,12.075
12.0,21.0,15.0,1.876
12.0,21.0,16.0,1.908
12.0,21.0,17.0,2.793
12.0,21.0,18.0,12.264
12.0,21.0,19.0,3.846
12.0,21.0,20.0,4.128
12.0,21.0,21.0,15.308
12.0,21.0,22.0,12.254
12.0,21.0,23.0,27.446
12.0,22.0,9.0,12.896
12.0,22.0,10.0,5.251
12.0,22.0,11.0,2.452
12.0,22.0,12.0,2.489
12.0,22.0,13.0,2.429
12.0,22.0,14.0,11.681
12.0,22.0,15.0,1.86
12.0,22.0,16.0,1.901
12.0,22.0,17.0,2.142
12.0,22.0,18.0,12.22
12.0,22.0,19.0,3.088
12.0,22.0,20.0,7.359
12.0,22.0,21.0,15.856
12.0,22.0,22.0,11.912
12.0,22.0,23.0,28.223
12.0,23.0,9.0,12.708
12.0,23.0,10.0,4.982
12.0,23.0,11.0,2.461
12.0,23.0,12.0,2.075
12.0,23.0,13.0,2.317
12.0,23.0,14.0,11.779
12.0,23.0,15.0,2.123
12.0,23.0,16.0,1.918
12.0,23.0,17.0,2.532
12.0,23.0,18.0,12.841
12.0,23.0,19.0,3.059
12.0,23.0,20.0,4.533
12.0,23.0,21.0,16.455
12.0,23.0,22.0,13.618
12.0,23.0,23.0,28.145
12.0,24.0,9.0,13.024
12.0,24.0,10.0,7.755
12.0,24.0,11.0,2.322
12.0,24.0,12.0,2.106
12.0,24.0,13.0,2.35
12.0,24.0,14.0,11.904
12.0,24.0,15.0,1.876
12.0,24.0,16.0,1.923
12.0,24.0,17.0,2.161
12.0,24.0,18.0,12.052
12.0,24.0,19.0,3.017
12.0,24.0,20.0,4.109
12.0,24.0,21.0,15.8
12.0,24.0,22.0,12.799
12.0,24.0,23.0,27.607
13.0,7.0,9.0,4.184
13.0,7.0,10.0,3.058
13.0,7.0,11.0,2.827
13.0,7.0,12.0,2.913
13.0,7.0,13.0,2.759
13.0,7.0,14.0,22.748
13.0,7.0,15.0,2.483
13.0,7.0,16.0,2.702
13.0,7.0,17.0,6.122
13.0,7.0,18.0,23.917
13.0,7.0,19.0,5.158
13.0,7.0,20.0,11.071
13.0,7.0,21.0,30.231
13.0,7.0,22.0,28.05
13.0,7.0,23.0,58.701
13.0,8.0,9.0,3.999
13.0,8.0,10.0,2.92
13.0,8.0,11.0,2.721
13.0,8.0,12.0,2.865
13.0,8.0,13.0,2.869
13.0,8.0,14.0,22.292
13.0,8.0,15.0,2.478
13.0,8.0,16.0,2.369
13.0,8.0,17.0,2.867
13.0,8.0,18.0,22.65
13.0,8.0,19.0,5.159
13.0,8.0,20.0,13.585
13.0,8.0,21.0,29.428
13.0,8.0,22.0,25.013
13.0,8.0,23.0,54.773
13.0,9.0,9.0,3.993
13.0,9.0,10.0,7.547
13.0,9.0,11.0,2.98
13.0,9.0,12.0,2.949
13.0,9.0,13.0,2.993
13.0,9.0,14.0,22.175
13.0,9.0,15.0,2.187
13.0,9.0,16.0,2.353
13.0,9.0,17.0,2.929
13.0,9.0,18.0,25.303
13.0,9.0,19.0,5.189
13.0,9.0,20.0,7.245
13.0,9.0,21.0,29.557
13.0,9.0,22.0,24.676
13.0,9.0,23.0,54.742
13.0,10.0,9.0,3.952
13.0,10.0,10.0,8.221
13.0,10.0,11.0,3.031
13.0,10.0,12.0,2.861
13.0,10.0,13.0,2.832
13.0,10.0,14.0,22.431
13.0,10.0,15.0,2.328
13.0,10.0,16.0,2.352
13.0,10.0,17.0,2.836
13.0,10.0,18.0,22.768
13.0,10.0,19.0,4.658
13.0,10.0,20.0,10.762
13.0,10.0,21.0,29.844
13.0,10.0,22.0,27.726
13.0,10.0,23.0,62.753
13.0,11.0,9.0,4.268
13.0,11.0,10.0,8.364
13.0,11.0,11.0,2.841
13.0,11.0,12.0,2.58
13.0,11.0,13.0,2.924
13.0,11.0,14.0,22.196
13.0,11.0,15.0,2.179
13.0,11.0,16.0,2.373
13.0,11.0,17.0,2.734
13.0,11.0,18.0,23.398
13.0,11.0,19.0,4.787
13.0,11.0,20.0,7.851
13.0,11.0,21.0,30.716
13.0,11.0,22.0,23.882
13.0,11.0,23.0,56.689
13.0,12.0,9.0,4.29
13.0,12.0,10.0,8.568
13.0,12.0,11.0,2.547
13.0,12.0,12.0,2.573
13.0,12.0,13.0,3.004
13.0,12.0,14.0,21.929
13.0,12.0,15.0,2.193
13.0,12.0,16.0,2.342
13.0,12.0,17.0,2.766
13.0,12.0,18.0,22.717
13.0,12.0,19.0,4.522
13.0,12.0,20.0,7.602
13.0,12.0,21.0,29.778
13.0,12.0,22.0,15.992
13.0,12.0,23.0,38.554
13.0,13.0,9.0,4.495
13.0,13.0,10.0,8.433
13.0,13.0,11.0,3.09
13.0,13.0,12.0,2.54
13.0,13.0,13.0,3.054
13.0,13.0,14.0,22.352
13.0,13.0,15.0,2.177
13.0,13.0,16.0,2.675
13.0,13.0,17.0,3.125
13.0,13.0,18.0,23.285
13.0,13.0,19.0,5.189
13.0,13.0,20.0,4.351
13.0,13.0,21.0,25.398
13.0,13.0,22.0,12.402
13.0,13.0,23.0,38.062
13.0,14.0,9.0,4.574
13.0,14.0,10.0,8.842
13.0,14.0,11.0,2.706
13.0,14.0,12.0,2.684
13.0,14.0,13.0,2.911
13.0,14.0,14.0,22.316
13.0,14.0,15.0,2.168
13.0,14.0,16.0,2.373
13.0,14.0,17.0,3.143
13.0,14.0,18.0,22.398
13.0,14.0,19.0,3.649
13.0,14.0,20.0,5.316
13.0,14.0,21.0,25.52
13.0,14.0,22.0,12.922
13.0,14.0,23.0,39.052
13.0,15.0,9.0,4.922
13.0,15.0,10.0,8.605
13.0,15.0,11.0,3.064
13.0,15.0,12.0,2.591
13.0,15.0,13.0,2.869
13.0,15.0,14.0,22.288
13.0,15.0,15.0,2.152
13.0,15.0,16.0,2.348
13.0,15.0,17.0,2.179
13.0,15.0,18.0,21.695
13.0,15.0,19.0,3.513
13.0,15.0,20.0,4.458
13.0,15.0,21.0,25.212
13.0,15.0,22.0,12.751
13.0,15.0,23.0,38.384
13.0,16.0,9.0,5.028
13.0,16.0,10.0,8.763
13.0,16.0,11.0,2.767
13.0,16.0,12.0,2.64
13.0,16.0,13.0,3.401
13.0,16.0,14.0,22.563
13.0,16.0,15.0,2.178
13.0,16.0,16.0,1.954
13.0,16.0,17.0,2.17
13.0,16.0,18.0,22.367
13.0,16.0,19.0,4.076
13.0,16.0,20.0,5.032
13.0,16.0,21.0,25.898
13.0,16.0,22.0,12.065
13.0,16.0,23.0,38.787
13.0,17.0,9.0,5.157
13.0,17.0,10.0,8.836
13.0,17.0,11.0,2.859
13.0,17.0,12.0,2.737
13.0,17.0,13.0,3.055
13.0,17.0,14.0,22.38
13.0,17.0,15.0,2.118
13.0,17.0,16.0,1.959
13.0,17.0,17.0,2.181
13.0,17.0,18.0,22.355
13.0,17.0,19.0,4.197
13.0,17.0,20.0,4.161
13.0,17.0,21.0,25.718
13.0,17.0,22.0,13.84
13.0,17.0,23.0,36.899
13.0,18.0,9.0,23.871
13.0,18.0,10.0,8.652
13.0,18.0,11.0,2.839
13.0,18.0,12.0,2.738
13.0,18.0,13.0,2.95
13.0,18.0,14.0,22.186
13.0,18.0,15.0,2.049
13.0,18.0,16.0,2.036
13.0,18.0,17.0,4.665
13.0,18.0,18.0,22.988
13.0,18.0,19.0,3.566
13.0,18.0,20.0,4.34
13.0,18.0,21.0,26.109
13.0,18.0,22.0,13.313
13.0,18.0,23.0,37.595
13.0,19.0,9.0,23.947
13.0,19.0,10.0,8.476
13.0,19.0,11.0,2.958
13.0,19.0,12.0,2.688
13.0,19.0,13.0,2.955
13.0,19.0,14.0,21.927
13.0,19.0,15.0,2.183
13.0,19.0,16.0,1.954
13.0,19.0,17.0,2.181
13.0,19.0,18.0,22.814
13.0,19.0,19.0,3.538
13.0,19.0,20.0,4.334
13.0,19.0,21.0,26.037
13.0,19.0,22.0,12.33
13.0,19.0,23.0,38.787
13.0,20.0,9.0,24.319
13.0,20.0,10.0,8.544
13.0,20.0,11.0,2.87
13.0,20.0,12.0,4.037
13.0,20.0,13.0,2.829
13.0,20.0,14.0,22.103
13.0,20.0,15.0,1.944
13.0,20.0,16.0,1.948
13.0,20.0,17.0,2.174
13.0,20.0,18.0,22.951
13.0,20.0,19.0,3.464
13.0,20.0,20.0,4.807
13.0,20.0,21.0,26.422
13.0,20.0,22.0,12.612
13.0,20.0,23.0,38.374
13.0,21.0,9.0,23.818
13.0,21.0,10.0,8.596
13.0,21.0,11.0,2.957
13.0,21.0,12.0,2.869
13.0,21.0,13.0,3.007
13.0,21.0,14.0,21.775
13.0,21.0,15.0,1.976
13.0,21.0,16.0,1.953
13.0,21.0,17.0,2.205
13.0,21.0,18.0,22.272
13.0,21.0,19.0,4.069
13.0,21.0,20.0,7.729
13.0,21.0,21.0,25.798
13.0,21.0,22.0,11.963
13.0,21.0,23.0,38.077
13.0,22.0,9.0,23.5
13.0,22.0,10.0,8.335
13.0,22.0,11.0,3.156
13.0,22.0,12.0,3.074
13.0,22.0,13.0,2.871
13.0,22.0,14.0,22.154
13.0,22.0,15.0,2.288
13.0,22.0,16.0,1.934
13.0,22.0,17.0,2.186
13.0,22.0,18.0,22.641
13.0,22.0,19.0,6.027
13.0,22.0,20.0,4.34
13.0,22.0,21.0,26.026
13.0,22.0,22.0,12.054
13.0,22.0,23.0,38.378
13.0,23.0,9.0,23.665
13.0,23.0,10.0,8.549
13.0,23.0,11.0,2.969
13.0,23.0,12.0,2.592
13.0,23.0,13.0,2.924
13.0,23.0,14.0,22.048
13.0,23.0,15.0,1.944
13.0,23.0,16.0,1.964
13.0,23.0,17.0,2.174
13.0,23.0,18.0,22.7
13.0,23.0,19.0,4.091
13.0,23.0,20.0,4.353
13.0,23.0,21.0,25.151
13.0,23.0,22.0,12.421
13.0,23.0,23.0,38.088
13.0,24.0,9.0,23.946
13.0,24.0,10.0,8.52
13.0,24.0,11.0,3.116
13.0,24.0,12.0,2.603
13.0,24.0,13.0,2.862
13.0,24.0,14.0,22.099
13.0,24.0,15.0,1.938
13.0,24.0,16.0,1.932
13.0,24.0,17.0,2.173
13.0,24.0,18.0,22.222
13.0,24.0,19.0,3.575
13.0,24.0,20.0,5.023
13.0,24.0,21.0,25.742
13.0,24.0,22.0,12.126
13.0,24.0,23.0,38.061
14.0,7.0,9.0,5.334
14.0,7.0,10.0,3.96
14.0,7.0,11.0,3.328
14.0,7.0,12.0,3.612
14.0,7.0,13.0,3.323
14.0,7.0,14.0,2.967
14.0,7.0,15.0,2.583
14.0,7.0,16.0,2.961
14.0,7.0,17.0,3.241
14.0,7.0,18.0,44.757
14.0,7.0,19.0,6.135
14.0,7.0,20.0,7.356
14.0,7.0,21.0,49.874
14.0,7.0,22.0,24.736
14.0,7.0,23.0,77.768
14.0,8.0,9.0,5.639
14.0,8.0,10.0,3.833
14.0,8.0,11.0,3.351
14.0,8.0,12.0,3.933
14.0,8.0,13.0,3.523
14.0,8.0,14.0,2.896
14.0,8.0,15.0,5.216
14.0,8.0,16.0,2.391
14.0,8.0,17.0,2.833
14.0,8.0,18.0,43.453
14.0,8.0,19.0,6.479
14.0,8.0,20.0,10.134
14.0,8.0,21.0,49.705
14.0,8.0,22.0,33.951
14.0,8.0,23.0,75.654
14.0,9.0,9.0,5.579
14.0,9.0,10.0,13.388
14.0,9.0,11.0,3.42
14.0,9.0,12.0,3.351
14.0,9.0,13.0,3.77
14.0,9.0,14.0,2.849
14.0,9.0,15.0,2.278
14.0,9.0,16.0,2.679
14.0,9.0,17.0,2.884
14.0,9.0,18.0,44.174
14.0,9.0,19.0,5.811
14.0,9.0,20.0,7.203
14.0,9.0,21.0,52.269
14.0,9.0,22.0,23.929
14.0,9.0,23.0,76.05
14.0,10.0,9.0,6.454
14.0,10.0,10.0,14.409
14.0,10.0,11.0,3.469
14.0,10.0,12.0,3.346
14.0,10.0,13.0,3.594
14.0,10.0,14.0,3.269
14.0,10.0,15.0,2.295
14.0,10.0,16.0,4.329
14.0,10.0,17.0,2.877
14.0,10.0,18.0,43.55
14.0,10.0,19.0,6.006
14.0,10.0,20.0,7.795
14.0,10.0,21.0,49.729
14.0,10.0,22.0,27.5
14.0,10.0,23.0,74.772
14.0,11.0,9.0,6.466
14.0,11.0,10.0,15.292
14.0,11.0,11.0,3.39
14.0,11.0,12.0,3.166
14.0,11.0,13.0,3.722
14.0,11.0,14.0,2.785
14.0,11.0,15.0,2.331
14.0,11.0,16.0,2.384
14.0,11.0,17.0,2.478
14.0,11.0,18.0,42.986
14.0,11.0,19.0,5.94
14.0,11.0,20.0,20.263
14.0,11.0,21.0,49.968
14.0,11.0,22.0,28.009
14.0,11.0,23.0,75.504
14.0,12.0,9.0,6.902
14.0,12.0,10.0,14.813
14.0,12.0,11.0,3.324
14.0,12.0,12.0,3.44
14.0,12.0,13.0,3.884
14.0,12.0,14.0,2.6
14.0,12.0,15.0,2.282
14.0,12.0,16.0,2.379
14.0,12.0,17.0,3.359
14.0,12.0,18.0,43.835
14.0,12.0,19.0,6.046
14.0,12.0,20.0,7.366
14.0,12.0,21.0,49.843
14.0,12.0,22.0,12.63
14.0,12.0,23.0,60.841
14.0,13.0,9.0,6.973
14.0,13.0,10.0,15.543
14.0,13.0,11.0,3.411
14.0,13.0,12.0,3.298
14.0,13.0,13.0,3.909
14.0,13.0,14.0,2.585
14.0,13.0,15.0,2.279
14.0,13.0,16.0,2.388
14.0,13.0,17.0,5.706
14.0,13.0,18.0,42.738
14.0,13.0,19.0,5.581
14.0,13.0,20.0,4.954
14.0,13.0,21.0,45.494
14.0,13.0,22.0,13.086
14.0,13.0,23.0,58.625
14.0,14.0,9.0,7.101
14.0,14.0,10.0,15.265
14.0,14.0,11.0,3.369
14.0,14.0,12.0,3.422
14.0,14.0,13.0,4.061
14.0,14.0,14.0,2.582
14.0,14.0,15.0,2.287
14.0,14.0,16.0,2.457
14.0,14.0,17.0,3.152
14.0,14.0,18.0,43.711
14.0,14.0,19.0,4.619
14.0,14.0,20.0,4.505
14.0,14.0,21.0,45.621
14.0,14.0,22.0,15.054
14.0,14.0,23.0,59.362
14.0,15.0,9.0,10.488
14.0,15.0,10.0,16.088
14.0,15.0,11.0,3.577
14.0,15.0,12.0,3.346
14.0,15.0,13.0,3.808
14.0,15.0,14.0,2.63
14.0,15.0,15.0,2.282
14.0,15.0,16.0,2.377
14.0,15.0,17.0,2.196
14.0,15.0,18.0,42.05
14.0,15.0,19.0,4.366
14.0,15.0,20.0,4.874
14.0,15.0,21.0,45.718
14.0,15.0,22.0,12.696
14.0,15.0,23.0,61.024
14.0,16.0,9.0,8.486
14.0,16.0,10.0,14.89
14.0,16.0,11.0,3.501
14.0,16.0,12.0,3.251
14.0,16.0,13.0,3.992
14.0,16.0,14.0,3.281
14.0,16.0,15.0,2.611
14.0,16.0,16.0,2.045
14.0,16.0,17.0,2.218
14.0,16.0,18.0,42.473
14.0,16.0,19.0,4.394
14.0,16.0,20.0,7.444
14.0,16.0,21.0,46.119
14.0,16.0,22.0,13.41
14.0,16.0,23.0,59.137
14.0,17.0,9.0,8.431
14.0,17.0,10.0,15.263
14.0,17.0,11.0,4.027
14.0,17.0,12.0,3.353
14.0,17.0,13.0,3.984
14.0,17.0,14.0,3.309
14.0,17.0,15.0,2.073
14.0,17.0,16.0,2.036
14.0,17.0,17.0,2.216
14.0,17.0,18.0,42.332
14.0,17.0,19.0,5.422
14.0,17.0,20.0,7.276
14.0,17.0,21.0,45.716
14.0,17.0,22.0,12.767
14.0,17.0,23.0,58.159
14.0,18.0,9.0,46.167
14.0,18.0,10.0,15.51
14.0,18.0,11.0,3.748
14.0,18.0,12.0,3.829
14.0,18.0,13.0,3.888
14.0,18.0,14.0,3.459
14.0,18.0,15.0,2.079
14.0,18.0,16.0,2.053
14.0,18.0,17.0,4.548
14.0,18.0,18.0,42.462
14.0,18.0,19.0,4.531
14.0,18.0,20.0,4.272
14.0,18.0,21.0,45.45
14.0,18.0,22.0,15.4
14.0,18.0,23.0,59.094
14.0,19.0,9.0,45.501
14.0,19.0,10.0,15.848
14.0,19.0,11.0,3.862
14.0,19.0,12.0,3.451
14.0,19.0,13.0,3.949
14.0,19.0,14.0,3.16
14.0,19.0,15.0,2.247
14.0,19.0,16.0,2.067
14.0,19.0,17.0,2.221
14.0,19.0,18.0,42.434
14.0,19.0,19.0,4.442
14.0,19.0,20.0,4.619
14.0,19.0,21.0,45.763
14.0,19.0,22.0,12.761
14.0,19.0,23.0,58.607
14.0,20.0,9.0,46.205
14.0,20.0,10.0,15.895
14.0,20.0,11.0,3.685
14.0,20.0,12.0,3.684
14.0,20.0,13.0,3.811
14.0,20.0,14.0,3.019
14.0,20.0,15.0,2.215
14.0,20.0,16.0,2.036
14.0,20.0,17.0,2.222
14.0,20.0,18.0,43.254
14.0,20.0,19.0,4.406
14.0,20.0,20.0,4.64
14.0,20.0,21.0,45.271
14.0,20.0,22.0,12.899
14.0,20.0,23.0,58.285
14.0,21.0,9.0,46.307
14.0,21.0,10.0,15.367
14.0,21.0,11.0,3.897
14.0,21.0,12.0,3.534
14.0,21.0,13.0,3.918
14.0,21.0,14.0,3.251
14.0,21.0,15.0,2.414
14.0,21.0,16.0,2.029
14.0,21.0,17.0,2.783
14.0,21.0,18.0,43.269
14.0,21.0,19.0,4.361
14.0,21.0,20.0,7.0
14.0,21.0,21.0,46.822
14.0,21.0,22.0,12.165
14.0,21.0,23.0,60.63
14.0,22.0,9.0,46.29
14.0,22.0,10.0,15.629
14.0,22.0,11.0,3.933
14.0,22.0,12.0,3.93
14.0,22.0,13.0,4.07
14.0,22.0,14.0,3.135
14.0,22.0,15.0,2.049
14.0,22.0,16.0,2.032
14.0,22.0,17.0,2.213
14.0,22.0,18.0,42.138
14.0,22.0,19.0,4.404
14.0,22.0,20.0,4.844
14.0,22.0,21.0,46.668
14.0,22.0,22.0,12.148
14.0,22.0,23.0,58.593
14.0,23.0,9.0,46.459
14.0,23.0,10.0,15.41
14.0,23.0,11.0,4.271
14.0,23.0,12.0,3.853
14.0,23.0,13.0,3.978
14.0,23.0,14.0,3.406
14.0,23.0,15.0,2.052
14.0,23.0,16.0,2.134
14.0,23.0,17.0,2.236
14.0,23.0,18.0,41.722
14.0,23.0,19.0,4.348
14.0,23.0,20.0,5.154
14.0,23.0,21.0,45.854
14.0,23.0,22.0,13.169
14.0,23.0,23.0,58.366
14.0,24.0,9.0,46.231
14.0,24.0,10.0,15.397
14.0,24.0,11.0,4.421
14.0,24.0,12.0,3.755
14.0,24.0,13.0,3.962
14.0,24.0,14.0,3.032
14.0,24.0,15.0,2.061
14.0,24.0,16.0,2.354
14.0,24.0,17.0,2.215
14.0,24.0,18.0,42.98
14.0,24.0,19.0,5.083
14.0,24.0,20.0,4.602
14.0,24.0,21.0,46.43
14.0,24.0,22.0,12.676
14.0,24.0,23.0,57.747
15.0,7.0,9.0,8.26
15.0,7.0,10.0,5.436
15.0,7.0,11.0,4.716
15.0,7.0,12.0,4.722
15.0,7.0,13.0,2.972
15.0,7.0,14.0,3.167
15.0,7.0,15.0,2.79
15.0,7.0,16.0,3.054
15.0,7.0,17.0,3.772
15.0,7.0,18.0,84.453
15.0,7.0,19.0,10.185
15.0,7.0,20.0,7.471
15.0,7.0,21.0,90.578
15.0,7.0,22.0,24.402
15.0,7.0,23.0,131.346
15.0,8.0,9.0,8.977
15.0,8.0,10.0,5.788
15.0,8.0,11.0,4.285
15.0,8.0,12.0,4.904
15.0,8.0,13.0,4.908
15.0,8.0,14.0,3.065
15.0,8.0,15.0,2.922
15.0,8.0,16.0,2.596
15.0,8.0,17.0,2.937
15.0,8.0,18.0,82.955
15.0,8.0,19.0,7.702
15.0,8.0,20.0,7.623
15.0,8.0,21.0,89.123
15.0,8.0,22.0,30.182
15.0,8.0,23.0,117.137
15.0,9.0,9.0,9.572
15.0,9.0,10.0,25.114
15.0,9.0,11.0,4.524
15.0,9.0,12.0,4.857
15.0,9.0,13.0,5.382
15.0,9.0,14.0,3.466
15.0,9.0,15.0,2.494
15.0,9.0,16.0,2.609
15.0,9.0,17.0,3.204
15.0,9.0,18.0,82.711
15.0,9.0,19.0,8.207
15.0,9.0,20.0,10.386
15.0,9.0,21.0,92.585
15.0,9.0,22.0,24.369
15.0,9.0,23.0,116.549
15.0,10.0,9.0,10.897
15.0,10.0,10.0,26.536
15.0,10.0,11.0,4.63
15.0,10.0,12.0,4.74
15.0,10.0,13.0,5.205
15.0,10.0,14.0,2.813
15.0,10.0,15.0,2.5
15.0,10.0,16.0,2.596
15.0,10.0,17.0,3.028
15.0,10.0,18.0,83.015
15.0,10.0,19.0,7.804
15.0,10.0,20.0,7.54
15.0,10.0,21.0,93.194
15.0,10.0,22.0,25.077
15.0,10.0,23.0,119.912
15.0,11.0,9.0,11.359
15.0,11.0,10.0,28.508
15.0,11.0,11.0,4.641
15.0,11.0,12.0,4.851
15.0,11.0,13.0,5.761
15.0,11.0,14.0,2.816
15.0,11.0,15.0,2.525
15.0,11.0,16.0,2.592
15.0,11.0,17.0,2.854
15.0,11.0,18.0,82.985
15.0,11.0,19.0,7.911
15.0,11.0,20.0,9.488
15.0,11.0,21.0,90.248
15.0,11.0,22.0,27.921
15.0,11.0,23.0,114.72
15.0,12.0,9.0,11.365
15.0,12.0,10.0,28.365
15.0,12.0,11.0,4.743
15.0,12.0,12.0,4.52
15.0,12.0,13.0,5.844
15.0,12.0,14.0,2.997
15.0,12.0,15.0,2.504
15.0,12.0,16.0,2.597
15.0,12.0,17.0,2.93
15.0,12.0,18.0,82.425
15.0,12.0,19.0,7.756
15.0,12.0,20.0,7.887
15.0,12.0,21.0,93.51
15.0,12.0,22.0,12.344
15.0,12.0,23.0,102.177
15.0,13.0,9.0,11.821
15.0,13.0,10.0,29.595
15.0,13.0,11.0,4.936
15.0,13.0,12.0,4.793
15.0,13.0,13.0,5.806
15.0,13.0,14.0,3.011
15.0,13.0,15.0,2.495
15.0,13.0,16.0,2.596
15.0,13.0,17.0,2.919
15.0,13.0,18.0,84.578
15.0,13.0,19.0,8.008
15.0,13.0,20.0,5.014
15.0,13.0,21.0,84.82
15.0,13.0,22.0,12.116
15.0,13.0,23.0,101.069
15.0,14.0,9.0,12.547
15.0,14.0,10.0,29.235
15.0,14.0,11.0,5.17
15.0,14.0,12.0,4.882
15.0,14.0,13.0,5.974
15.0,14.0,14.0,4.233
15.0,14.0,15.0,2.493
15.0,14.0,16.0,2.59
15.0,14.0,17.0,2.906
15.0,14.0,18.0,82.378
15.0,14.0,19.0,6.185
15.0,14.0,20.0,4.899
15.0,14.0,21.0,86.429
15.0,14.0,22.0,12.051
15.0,14.0,23.0,99.294
15.0,15.0,9.0,14.141
15.0,15.0,10.0,29.339
15.0,15.0,11.0,5.301
15.0,15.0,12.0,4.88
15.0,15.0,13.0,5.982
15.0,15.0,14.0,4.634
15.0,15.0,15.0,2.499
15.0,15.0,16.0,2.634
15.0,15.0,17.0,2.604
15.0,15.0,18.0,82.2
15.0,15.0,19.0,7.316
15.0,15.0,20.0,5.03
15.0,15.0,21.0,86.29
15.0,15.0,22.0,12.904
15.0,15.0,23.0,98.819
15.0,16.0,9.0,14.928
15.0,16.0,10.0,29.798
15.0,16.0,11.0,5.394
15.0,16.0,12.0,4.728
15.0,16.0,13.0,5.898
15.0,16.0,14.0,4.15
15.0,16.0,15.0,2.508
15.0,16.0,16.0,2.281
15.0,16.0,17.0,2.51
15.0,16.0,18.0,82.551
15.0,16.0,19.0,6.051
15.0,16.0,20.0,5.426
15.0,16.0,21.0,86.042
15.0,16.0,22.0,12.086
15.0,16.0,23.0,99.254
15.0,17.0,9.0,15.548
15.0,17.0,10.0,28.827
15.0,17.0,11.0,5.243
15.0,17.0,12.0,5.043
15.0,17.0,13.0,5.872
15.0,17.0,14.0,4.625
15.0,17.0,15.0,2.31
15.0,17.0,16.0,2.264
15.0,17.0,17.0,2.771
15.0,17.0,18.0,83.098
15.0,17.0,19.0,9.056
15.0,17.0,20.0,4.817
15.0,17.0,21.0,85.516
15.0,17.0,22.0,13.347
15.0,17.0,23.0,100.412
15.0,18.0,9.0,90.079
15.0,18.0,10.0,29.198
15.0,18.0,11.0,6.168
15.0,18.0,12.0,4.658
15.0,18.0,13.0,5.969
15.0,18.0,14.0,4.475
15.0,18.0,15.0,2.54
15.0,18.0,16.0,2.623
15.0,18.0,17.0,2.402
15.0,18.0,18.0,82.014
15.0,18.0,19.0,6.797
15.0,18.0,20.0,5.212
15.0,18.0,21.0,87.209
15.0,18.0,22.0,13.084
15.0,18.0,23.0,99.141
15.0,19.0,9.0,90.236
15.0,19.0,10.0,29.107
15.0,19.0,11.0,5.732
15.0,19.0,12.0,4.71
15.0,19.0,13.0,6.146
15.0,19.0,14.0,4.379
15.0,19.0,15.0,2.285
15.0,19.0,16.0,2.281
15.0,19.0,17.0,2.431
15.0,19.0,18.0,82.547
15.0,19.0,19.0,6.7
15.0,19.0,20.0,14.648
15.0,19.0,21.0,85.941
15.0,19.0,22.0,12.022
15.0,19.0,23.0,98.812
15.0,20.0,9.0,89.873
15.0,20.0,10.0,28.991
15.0,20.0,11.0,5.807
15.0,20.0,12.0,4.705
15.0,20.0,13.0,5.983
15.0,20.0,14.0,4.668
15.0,20.0,15.0,2.344
15.0,20.0,16.0,2.276
15.0,20.0,17.0,2.89
15.0,20.0,18.0,81.804
15.0,20.0,19.0,6.499
15.0,20.0,20.0,5.05
15.0,20.0,21.0,86.197
15.0,20.0,22.0,23.115
15.0,20.0,23.0,98.339
15.0,21.0,9.0,90.318
15.0,21.0,10.0,29.069
15.0,21.0,11.0,6.159
15.0,21.0,12.0,5.393
15.0,21.0,13.0,6.094
15.0,21.0,14.0,4.316
15.0,21.0,15.0,2.315
15.0,21.0,16.0,2.278
15.0,21.0,17.0,2.591
15.0,21.0,18.0,83.322
15.0,21.0,19.0,7.207
15.0,21.0,20.0,4.433
15.0,21.0,21.0,85.755
15.0,21.0,22.0,12.372
15.0,21.0,23.0,100.816
15.0,22.0,9.0,90.381
15.0,22.0,10.0,29.365
15.0,22.0,11.0,5.999
15.0,22.0,12.0,5.993
15.0,22.0,13.0,5.903
15.0,22.0,14.0,4.4
15.0,22.0,15.0,2.323
15.0,22.0,16.0,2.271
15.0,22.0,17.0,2.418
15.0,22.0,18.0,82.505
15.0,22.0,19.0,7.186
15.0,22.0,20.0,4.615
15.0,22.0,21.0,85.893
15.0,22.0,22.0,12.943
15.0,22.0,23.0,99.244
15.0,23.0,9.0,91.197
15.0,23.0,10.0,29.719
15.0,23.0,11.0,6.017
15.0,23.0,12.0,6.269
15.0,23.0,13.0,6.136
15.0,23.0,14.0,4.43
15.0,23.0,15.0,2.32
15.0,23.0,16.0,2.268
15.0,23.0,17.0,2.655
15.0,23.0,18.0,82.422
15.0,23.0,19.0,6.263
15.0,23.0,20.0,4.652
15.0,23.0,21.0,85.392
15.0,23.0,22.0,12.781
15.0,23.0,23.0,99.029
15.0,24.0,9.0,90.444
15.0,24.0,10.0,29.821
15.0,24.0,11.0,7.195
15.0,24.0,12.0,6.19
15.0,24.0,13.0,6.071
15.0,24.0,14.0,4.451
15.0,24.0,15.0,2.34
15.0,24.0,16.0,2.282
15.0,24.0,17.0,2.5
15.0,24.0,18.0,81.463
15.0,24.0,19.0,5.943
15.0,24.0,20.0,10.001
15.0,24.0,21.0,86.667
15.0,24.0,22.0,13.722
15.0,24.0,23.0,99.041
16.0,7.0,9.0,14.324
16.0,7.0,10.0,9.73
16.0,7.0,11.0,6.236
16.0,7.0,12.0,7.31
16.0,7.0,13.0,9.043
16.0,7.0,14.0,3.935
16.0,7.0,15.0,3.45
16.0,7.0,16.0,3.78
16.0,7.0,17.0,3.695
16.0,7.0,18.0,186.074
16.0,7.0,19.0,10.829
16.0,7.0,20.0,15.225
16.0,7.0,21.0,169.654
16.0,7.0,22.0,27.721
16.0,7.0,23.0,199.162
16.0,8.0,9.0,16.509
16.0,8.0,10.0,12.483
16.0,8.0,11.0,6.56
16.0,8.0,12.0,7.91
16.0,8.0,13.0,7.834
16.0,8.0,14.0,3.667
16.0,8.0,15.0,3.377
16.0,8.0,16.0,3.161
16.0,8.0,17.0,3.965
16.0,8.0,18.0,162.778
16.0,8.0,19.0,11.277
16.0,8.0,20.0,7.462
16.0,8.0,21.0,169.863
16.0,8.0,22.0,34.834
16.0,8.0,23.0,196.798
16.0,9.0,9.0,16.974
16.0,9.0,10.0,48.571
16.0,9.0,11.0,7.499
16.0,9.0,12.0,7.238
16.0,9.0,13.0,8.607
16.0,9.0,14.0,3.675
16.0,9.0,15.0,3.409
16.0,9.0,16.0,3.288
16.0,9.0,17.0,3.839
16.0,9.0,18.0,163.871
16.0,9.0,19.0,11.379
16.0,9.0,20.0,8.33
16.0,9.0,21.0,169.771
16.0,9.0,22.0,30.695
16.0,9.0,23.0,201.67
16.0,10.0,9.0,19.931
16.0,10.0,10.0,59.788
16.0,10.0,11.0,6.817
16.0,10.0,12.0,7.325
16.0,10.0,13.0,8.505
16.0,10.0,14.0,3.498
16.0,10.0,15.0,3.122
16.0,10.0,16.0,3.269
16.0,10.0,17.0,3.613
16.0,10.0,18.0,164.4
16.0,10.0,19.0,11.046
16.0,10.0,20.0,7.931
16.0,10.0,21.0,169.327
16.0,10.0,22.0,30.99
16.0,10.0,23.0,201.912
16.0,11.0,9.0,20.301
16.0,11.0,10.0,55.476
16.0,11.0,11.0,7.146
16.0,11.0,12.0,7.681
16.0,11.0,13.0,9.67
16.0,11.0,14.0,3.701
16.0,11.0,15.0,3.117
16.0,11.0,16.0,3.459
16.0,11.0,17.0,3.979
16.0,11.0,18.0,164.282
16.0,11.0,19.0,11.547
16.0,11.0,20.0,7.762
16.0,11.0,21.0,170.81
16.0,11.0,22.0,29.004
16.0,11.0,23.0,211.706
16.0,12.0,9.0,21.43
16.0,12.0,10.0,55.469
16.0,12.0,11.0,7.574
16.0,12.0,12.0,7.49
16.0,12.0,13.0,10.004
16.0,12.0,14.0,3.846
16.0,12.0,15.0,3.072
16.0,12.0,16.0,3.301
16.0,12.0,17.0,3.345
16.0,12.0,18.0,164.42
16.0,12.0,19.0,11.547
16.0,12.0,20.0,7.782
16.0,12.0,21.0,171.49
16.0,12.0,22.0,13.083
16.0,12.0,23.0,181.926
16.0,13.0,9.0,21.97
16.0,13.0,10.0,57.353
16.0,13.0,11.0,8.074
16.0,13.0,12.0,7.583
16.0,13.0,13.0,9.807
16.0,13.0,14.0,3.651
16.0,13.0,15.0,3.124
16.0,13.0,16.0,3.278
16.0,13.0,17.0,3.925
16.0,13.0,18.0,164.225
16.0,13.0,19.0,11.256
16.0,13.0,20.0,5.26
16.0,13.0,21.0,166.39
16.0,13.0,22.0,13.455
16.0,13.0,23.0,181.167
16.0,14.0,9.0,22.901
16.0,14.0,10.0,57.366
16.0,14.0,11.0,9.766
16.0,14.0,12.0,8.527
16.0,14.0,13.0,9.623
16.0,14.0,14.0,6.447
16.0,14.0,15.0,3.094
16.0,14.0,16.0,3.224
16.0,14.0,17.0,5.711
16.0,14.0,18.0,163.359
16.0,14.0,19.0,11.106
16.0,14.0,20.0,5.828
16.0,14.0,21.0,167.567
16.0,14.0,22.0,16.493
16.0,14.0,23.0,180.368
16.0,15.0,9.0,26.747
16.0,15.0,10.0,57.601
16.0,15.0,11.0,8.614
16.0,15.0,12.0,7.756
16.0,15.0,13.0,9.674
16.0,15.0,14.0,6.302
16.0,15.0,15.0,3.084
16.0,15.0,16.0,3.245
16.0,15.0,17.0,2.91
16.0,15.0,18.0,163.971
16.0,15.0,19.0,10.563
16.0,15.0,20.0,5.066
16.0,15.0,21.0,167.178
16.0,15.0,22.0,14.754
16.0,15.0,23.0,179.905
16.0,16.0,9.0,27.489
16.0,16.0,10.0,58.637
16.0,16.0,11.0,8.756
16.0,16.0,12.0,7.398
16.0,16.0,13.0,9.854
16.0,16.0,14.0,6.622
16.0,16.0,15.0,3.106
16.0,16.0,16.0,2.899
16.0,16.0,17.0,3.083
16.0,16.0,18.0,162.609
16.0,16.0,19.0,10.434
16.0,16.0,20.0,6.736
16.0,16.0,21.0,166.196
16.0,16.0,22.0,21.398
16.0,16.0,23.0,179.829
16.0,17.0,9.0,28.527
16.0,17.0,10.0,58.046
16.0,17.0,11.0,9.589
16.0,17.0,12.0,7.779
16.0,17.0,13.0,9.932
16.0,17.0,14.0,7.006
16.0,17.0,15.0,2.954
16.0,17.0,16.0,2.939
16.0,17.0,17.0,3.088
16.0,17.0,18.0,161.749
16.0,17.0,19.0,11.935
16.0,17.0,20.0,4.479
16.0,17.0,21.0,166.305
16.0,17.0,22.0,13.641
16.0,17.0,23.0,179.995
16.0,18.0,9.0,179.389
16.0,18.0,10.0,63.331
16.0,18.0,11.0,9.42
16.0,18.0,12.0,7.617
16.0,18.0,13.0,9.885
16.0,18.0,14.0,7.684
16.0,18.0,15.0,2.884
16.0,18.0,16.0,3.305
16.0,18.0,17.0,3.084
16.0,18.0,18.0,162.381
16.0,18.0,19.0,10.542
16.0,18.0,20.0,4.59
16.0,18.0,21.0,165.975
16.0,18.0,22.0,13.428
16.0,18.0,23.0,179.935
16.0,19.0,9.0,179.344
16.0,19.0,10.0,57.045
16.0,19.0,11.0,10.079
16.0,19.0,12.0,7.767
16.0,19.0,13.0,9.952
16.0,19.0,14.0,9.345
16.0,19.0,15.0,2.875
16.0,19.0,16.0,3.225
16.0,19.0,17.0,2.934
16.0,19.0,18.0,163.108
16.0,19.0,19.0,10.757
16.0,19.0,20.0,4.511
16.0,19.0,21.0,167.695
16.0,19.0,22.0,18.833
16.0,19.0,23.0,180.049
16.0,20.0,9.0,179.937
16.0,20.0,10.0,57.045
16.0,20.0,11.0,9.78
16.0,20.0,12.0,7.505
16.0,20.0,13.0,10.65
16.0,20.0,14.0,6.699
16.0,20.0,15.0,2.872
16.0,20.0,16.0,2.963
16.0,20.0,17.0,3.073
16.0,20.0,18.0,163.37
16.0,20.0,19.0,10.823
16.0,20.0,20.0,4.938
16.0,20.0,21.0,165.649
16.0,20.0,22.0,13.018
16.0,20.0,23.0,180.457
16.0,21.0,9.0,180.163
16.0,21.0,10.0,57.499
16.0,21.0,11.0,10.498
16.0,21.0,12.0,8.868
16.0,21.0,13.0,10.569
16.0,21.0,14.0,6.752
16.0,21.0,15.0,2.859
16.0,21.0,16.0,2.814
16.0,21.0,17.0,3.16
16.0,21.0,18.0,163.553
16.0,21.0,19.0,10.549
16.0,21.0,20.0,4.879
16.0,21.0,21.0,166.6
16.0,21.0,22.0,13.613
16.0,21.0,23.0,180.673
16.0,22.0,9.0,179.827
16.0,22.0,10.0,57.214
16.0,22.0,11.0,10.027
16.0,22.0,12.0,10.796
16.0,22.0,13.0,10.411
16.0,22.0,14.0,7.303
16.0,22.0,15.0,2.85
16.0,22.0,16.0,2.858
16.0,22.0,17.0,3.068
16.0,22.0,18.0,161.548
16.0,22.0,19.0,10.129
16.0,22.0,20.0,4.825
16.0,22.0,21.0,165.425
16.0,22.0,22.0,13.82
16.0,22.0,23.0,181.328
16.0,23.0,9.0,179.551
16.0,23.0,10.0,57.703
16.0,23.0,11.0,10.712
16.0,23.0,12.0,10.699
16.0,23.0,13.0,10.435
16.0,23.0,14.0,6.586
16.0,23.0,15.0,2.899
16.0,23.0,16.0,3.257
16.0,23.0,17.0,5.749
16.0,23.0,18.0,164.867
16.0,23.0,19.0,10.011
16.0,23.0,20.0,4.845
16.0,23.0,21.0,166.58
16.0,23.0,22.0,17.81
16.0,23.0,23.0,181.858
16.0,24.0,9.0,180.227
16.0,24.0,10.0,57.991
16.0,24.0,11.0,12.083
16.0,24.0,12.0,10.989
16.0,24.0,13.0,10.488
16.0,24.0,14.0,7.177
16.0,24.0,15.0,3.159
16.0,24.0,16.0,2.841
16.0,24.0,17.0,3.142
16.0,24.0,18.0,162.98
16.0,24.0,19.0,10.844
16.0,24.0,20.0,5.276
16.0,24.0,21.0,166.298
16.0,24.0,22.0,13.798
16.0,24.0,23.0,181.759
17.0,7.0,9.0,34.849
17.0,7.0,10.0,18.54
17.0,7.0,11.0,10.957
17.0,7.0,12.0,13.633
17.0,7.0,13.0,6.0
17.0,7.0,14.0,7.128
17.0,7.0,15.0,5.349
17.0,7.0,16.0,5.79
17.0,7.0,17.0,6.766
17.0,7.0,18.0,326.754
17.0,7.0,19.0,19.168
17.0,7.0,20.0,11.518
17.0,7.0,21.0,330.924
17.0,7.0,22.0,26.333
17.0,7.0,23.0,366.746
17.0,8.0,9.0,29.952
17.0,8.0,10.0,19.211
17.0,8.0,11.0,11.928
17.0,8.0,12.0,14.248
17.0,8.0,13.0,11.923
17.0,8.0,14.0,5.214
17.0,8.0,15.0,6.231
17.0,8.0,16.0,5.26
17.0,8.0,17.0,5.294
17.0,8.0,18.0,325.327
17.0,8.0,19.0,28.593
17.0,8.0,20.0,13.571
17.0,8.0,21.0,331.078
17.0,8.0,22.0,26.003
17.0,8.0,23.0,362.41
17.0,9.0,9.0,30.555
17.0,9.0,10.0,115.9
17.0,9.0,11.0,12.374
17.0,9.0,12.0,16.217
17.0,9.0,13.0,15.472
17.0,9.0,14.0,5.423
17.0,9.0,15.0,6.518
17.0,9.0,16.0,4.824
17.0,9.0,17.0,8.293
17.0,9.0,18.0,324.22
17.0,9.0,19.0,19.167
17.0,9.0,20.0,12.855
17.0,9.0,21.0,330.254
17.0,9.0,22.0,27.069
17.0,9.0,23.0,362.338
17.0,10.0,9.0,34.962
17.0,10.0,10.0,102.745
17.0,10.0,11.0,12.735
17.0,10.0,12.0,13.216
17.0,10.0,13.0,15.47
17.0,10.0,14.0,5.74
17.0,10.0,15.0,6.014
17.0,10.0,16.0,5.168
17.0,10.0,17.0,5.829
17.0,10.0,18.0,323.755
17.0,10.0,19.0,21.14
17.0,10.0,20.0,9.678
17.0,10.0,21.0,333.362
17.0,10.0,22.0,32.787
17.0,10.0,23.0,361.116
17.0,11.0,9.0,39.33
17.0,11.0,10.0,129.661
17.0,11.0,11.0,12.939
17.0,11.0,12.0,14.254
17.0,11.0,13.0,18.223
17.0,11.0,14.0,7.649
17.0,11.0,15.0,7.338
17.0,11.0,16.0,5.383
17.0,11.0,17.0,5.491
17.0,11.0,18.0,327.117
17.0,11.0,19.0,19.491
17.0,11.0,20.0,11.662
17.0,11.0,21.0,332.231
17.0,11.0,22.0,27.563
17.0,11.0,23.0,366.627
17.0,12.0,9.0,40.585
17.0,12.0,10.0,110.606
17.0,12.0,11.0,14.41
17.0,12.0,12.0,17.37
17.0,12.0,13.0,18.702
17.0,12.0,14.0,5.307
17.0,12.0,15.0,4.887
17.0,12.0,16.0,5.978
17.0,12.0,17.0,10.246
17.0,12.0,18.0,324.989
17.0,12.0,19.0,19.522
17.0,12.0,20.0,9.409
17.0,12.0,21.0,332.205
17.0,12.0,22.0,13.534
17.0,12.0,23.0,350.426
17.0,13.0,9.0,42.838
17.0,13.0,10.0,115.886
17.0,13.0,11.0,15.695
17.0,13.0,12.0,13.685
17.0,13.0,13.0,18.521
17.0,13.0,14.0,5.438
17.0,13.0,15.0,4.919
17.0,13.0,16.0,6.798
17.0,13.0,17.0,5.375
17.0,13.0,18.0,323.219
17.0,13.0,19.0,19.983
17.0,13.0,20.0,6.579
17.0,13.0,21.0,327.322
17.0,13.0,22.0,17.021
17.0,13.0,23.0,348.921
17.0,14.0,9.0,45.273
17.0,14.0,10.0,117.272
17.0,14.0,11.0,14.855
17.0,14.0,12.0,13.693
17.0,14.0,13.0,21.252
17.0,14.0,14.0,14.531
17.0,14.0,15.0,4.877
17.0,14.0,16.0,4.823
17.0,14.0,17.0,5.288
17.0,14.0,18.0,326.032
17.0,14.0,19.0,18.421
17.0,14.0,20.0,6.369
17.0,14.0,21.0,327.431
17.0,14.0,22.0,16.304
17.0,14.0,23.0,344.451
17.0,15.0,9.0,51.695
17.0,15.0,10.0,116.463
17.0,15.0,11.0,15.565
17.0,15.0,12.0,16.61
17.0,15.0,13.0,21.413
17.0,15.0,14.0,11.154
17.0,15.0,15.0,4.89
17.0,15.0,16.0,4.894
17.0,15.0,17.0,4.599
17.0,15.0,18.0,324.087
17.0,15.0,19.0,17.981
17.0,15.0,20.0,7.085
17.0,15.0,21.0,327.691
17.0,15.0,22.0,14.875
17.0,15.0,23.0,342.085
17.0,16.0,9.0,62.093
17.0,16.0,10.0,117.089
17.0,16.0,11.0,15.967
17.0,16.0,12.0,14.151
17.0,16.0,13.0,18.495
17.0,16.0,14.0,11.108
17.0,16.0,15.0,4.836
17.0,16.0,16.0,4.575
17.0,16.0,17.0,4.607
17.0,16.0,18.0,323.908
17.0,16.0,19.0,18.349
17.0,16.0,20.0,7.352
17.0,16.0,21.0,325.786
17.0,16.0,22.0,14.758
17.0,16.0,23.0,343.051
17.0,17.0,9.0,58.426
17.0,17.0,10.0,116.989
17.0,17.0,11.0,16.174
17.0,17.0,12.0,14.12
17.0,17.0,13.0,20.546
17.0,17.0,14.0,12.443
17.0,17.0,15.0,5.716
17.0,17.0,16.0,4.776
17.0,17.0,17.0,4.575
17.0,17.0,18.0,323.616
17.0,17.0,19.0,16.879
17.0,17.0,20.0,6.271
17.0,17.0,21.0,326.343
17.0,17.0,22.0,15.939
17.0,17.0,23.0,344.792
17.0,18.0,9.0,358.306
17.0,18.0,10.0,134.765
17.0,18.0,11.0,18.677
17.0,18.0,12.0,13.151
17.0,18.0,13.0,18.414
17.0,18.0,14.0,12.897
17.0,18.0,15.0,4.562
17.0,18.0,16.0,4.678
17.0,18.0,17.0,4.936
17.0,18.0,18.0,321.456
17.0,18.0,19.0,18.084
17.0,18.0,20.0,6.505
17.0,18.0,21.0,328.271
17.0,18.0,22.0,13.993
17.0,18.0,23.0,342.235
17.0,19.0,9.0,357.217
17.0,19.0,10.0,116.039
17.0,19.0,11.0,18.143
17.0,19.0,12.0,13.879
17.0,19.0,13.0,20.825
17.0,19.0,14.0,12.454
17.0,19.0,15.0,5.053
17.0,19.0,16.0,5.427
17.0,19.0,17.0,4.872
17.0,19.0,18.0,322.764
17.0,19.0,19.0,18.804
17.0,19.0,20.0,7.459
17.0,19.0,21.0,326.839
17.0,19.0,22.0,23.044
17.0,19.0,23.0,343.49
17.0,20.0,9.0,357.396
17.0,20.0,10.0,115.693
17.0,20.0,11.0,20.71
17.0,20.0,12.0,14.088
17.0,20.0,13.0,20.039
17.0,20.0,14.0,12.579
17.0,20.0,15.0,5.113
17.0,20.0,16.0,4.924
17.0,20.0,17.0,4.554
17.0,20.0,18.0,325.651
17.0,20.0,19.0,18.873
17.0,20.0,20.0,6.443
17.0,20.0,21.0,326.874
17.0,20.0,22.0,16.708
17.0,20.0,23.0,344.193
17.0,21.0,9.0,358.828
17.0,21.0,10.0,115.874
17.0,21.0,11.0,17.65
17.0,21.0,12.0,16.391
17.0,21.0,13.0,22.013
17.0,21.0,14.0,12.653
17.0,21.0,15.0,4.668
17.0,21.0,16.0,4.975
17.0,21.0,17.0,5.556
17.0,21.0,18.0,324.661
17.0,21.0,19.0,18.771
17.0,21.0,20.0,8.301
17.0,21.0,21.0,326.1
17.0,21.0,22.0,17.07
17.0,21.0,23.0,344.479
17.0,22.0,9.0,358.526
17.0,22.0,10.0,115.039
17.0,22.0,11.0,19.271
17.0,22.0,12.0,23.533
17.0,22.0,13.0,19.897
17.0,22.0,14.0,14.873
17.0,22.0,15.0,4.58
17.0,22.0,16.0,4.134
17.0,22.0,17.0,4.591
17.0,22.0,18.0,322.625
17.0,22.0,19.0,18.995
17.0,22.0,20.0,6.089
17.0,22.0,21.0,327.77
17.0,22.0,22.0,20.319
17.0,22.0,23.0,342.478
17.0,23.0,9.0,356.973
17.0,23.0,10.0,115.864
17.0,23.0,11.0,21.068
17.0,23.0,12.0,20.69
17.0,23.0,13.0,20.368
17.0,23.0,14.0,12.677
17.0,23.0,15.0,4.708
17.0,23.0,16.0,4.479
17.0,23.0,17.0,5.726
17.0,23.0,18.0,324.572
17.0,23.0,19.0,18.458
17.0,23.0,20.0,6.961
17.0,23.0,21.0,327.31
17.0,23.0,22.0,14.194
17.0,23.0,23.0,343.993
17.0,24.0,9.0,358.16
17.0,24.0,10.0,116.361
17.0,24.0,11.0,23.526
17.0,24.0,12.0,25.456
17.0,24.0,13.0,20.465
17.0,24.0,14.0,12.276
17.0,24.0,15.0,4.9
17.0,24.0,16.0,4.525
17.0,24.0,17.0,4.325
17.0,24.0,18.0,323.04
17.0,24.0,19.0,18.974
17.0,24.0,20.0,6.723
17.0,24.0,21.0,326.826
17.0,24.0,22.0,16.089
17.0,24.0,23.0,345.183
18.0,7.0,9.0,52.256
18.0,7.0,10.0,35.869
18.0,7.0,11.0,18.666
18.0,7.0,12.0,25.676
18.0,7.0,13.0,24.094
18.0,7.0,14.0,8.587
18.0,7.0,15.0,8.972
18.0,7.0,16.0,10.479
18.0,7.0,17.0,9.711
18.0,7.0,18.0,14.532
18.0,7.0,19.0,35.999
18.0,7.0,20.0,18.935
18.0,7.0,21.0,650.359
18.0,7.0,22.0,29.23
18.0,7.0,23.0,691.843
18.0,8.0,9.0,71.013
18.0,8.0,10.0,36.082
18.0,8.0,11.0,20.937
18.0,8.0,12.0,26.973
18.0,8.0,13.0,21.987
18.0,8.0,14.0,9.238
18.0,8.0,15.0,8.958
18.0,8.0,16.0,8.687
18.0,8.0,17.0,9.905
18.0,8.0,18.0,9.961
18.0,8.0,19.0,35.361
18.0,8.0,20.0,13.646
18.0,8.0,21.0,653.586
18.0,8.0,22.0,30.633
18.0,8.0,23.0,688.229
18.0,9.0,9.0,63.216
18.0,9.0,10.0,192.55
18.0,9.0,11.0,21.856
18.0,9.0,12.0,25.958
18.0,9.0,13.0,28.577
18.0,9.0,14.0,10.149
18.0,9.0,15.0,9.502
18.0,9.0,16.0,8.906
18.0,9.0,17.0,8.664
18.0,9.0,18.0,9.475
18.0,9.0,19.0,35.091
18.0,9.0,20.0,12.136
18.0,9.0,21.0,653.064
18.0,9.0,22.0,29.174
18.0,9.0,23.0,690.66
18.0,10.0,9.0,75.631
18.0,10.0,10.0,204.607
18.0,10.0,11.0,26.364
18.0,10.0,12.0,25.778
18.0,10.0,13.0,28.733
18.0,10.0,14.0,9.081
18.0,10.0,15.0,9.417
18.0,10.0,16.0,7.94
18.0,10.0,17.0,8.68
18.0,10.0,18.0,9.938
18.0,10.0,19.0,39.987
18.0,10.0,20.0,14.425
18.0,10.0,21.0,656.174
18.0,10.0,22.0,30.062
18.0,10.0,23.0,688.314
18.0,11.0,9.0,77.525
18.0,11.0,10.0,219.964
18.0,11.0,11.0,24.301
18.0,11.0,12.0,34.113
18.0,11.0,13.0,35.454
18.0,11.0,14.0,9.784
18.0,11.0,15.0,8.223
18.0,11.0,16.0,8.705
18.0,11.0,17.0,10.924
18.0,11.0,18.0,9.617
18.0,11.0,19.0,36.466
18.0,11.0,20.0,13.877
18.0,11.0,21.0,654.801
18.0,11.0,22.0,32.858
18.0,11.0,23.0,690.248
18.0,12.0,9.0,80.122
18.0,12.0,10.0,220.226
18.0,12.0,11.0,24.744
18.0,12.0,12.0,28.229
18.0,12.0,13.0,43.654
18.0,12.0,14.0,8.82
18.0,12.0,15.0,8.995
18.0,12.0,16.0,8.6
18.0,12.0,17.0,10.798
18.0,12.0,18.0,11.035
18.0,12.0,19.0,35.82
18.0,12.0,20.0,15.762
18.0,12.0,21.0,652.62
18.0,12.0,22.0,25.228
18.0,12.0,23.0,679.415
18.0,13.0,9.0,86.784
18.0,13.0,10.0,227.212
18.0,13.0,11.0,27.527
18.0,13.0,12.0,27.632
18.0,13.0,13.0,36.904
18.0,13.0,14.0,13.731
18.0,13.0,15.0,8.967
18.0,13.0,16.0,9.305
18.0,13.0,17.0,8.845
18.0,13.0,18.0,10.061
18.0,13.0,19.0,35.966
18.0,13.0,20.0,10.18
18.0,13.0,21.0,646.48
18.0,13.0,22.0,22.241
18.0,13.0,23.0,675.314
18.0,14.0,9.0,87.053
18.0,14.0,10.0,233.949
18.0,14.0,11.0,29.425
18.0,14.0,12.0,28.658
18.0,14.0,13.0,35.161
18.0,14.0,14.0,21.044
18.0,14.0,15.0,9.709
18.0,14.0,16.0,8.644
18.0,14.0,17.0,8.696
18.0,14.0,18.0,9.861
18.0,14.0,19.0,34.363
18.0,14.0,20.0,10.117
18.0,14.0,21.0,655.218
18.0,14.0,22.0,16.291
18.0,14.0,23.0,668.675
18.0,15.0,9.0,102.383
18.0,15.0,10.0,232.077
18.0,15.0,11.0,28.382
18.0,15.0,12.0,28.602
18.0,15.0,13.0,35.457
18.0,15.0,14.0,21.852
18.0,15.0,15.0,8.912
18.0,15.0,16.0,10.22
18.0,15.0,17.0,8.667
18.0,15.0,18.0,8.136
18.0,15.0,19.0,35.627
18.0,15.0,20.0,10.249
18.0,15.0,21.0,649.574
18.0,15.0,22.0,17.517
18.0,15.0,23.0,672.461
18.0,16.0,9.0,117.854
18.0,16.0,10.0,229.792
18.0,16.0,11.0,28.719
18.0,16.0,12.0,28.563
18.0,16.0,13.0,35.038
18.0,16.0,14.0,21.6
18.0,16.0,15.0,9.826
18.0,16.0,16.0,14.737
18.0,16.0,17.0,9.342
18.0,16.0,18.0,8.289
18.0,16.0,19.0,40.382
18.0,16.0,20.0,12.409
18.0,16.0,21.0,656.284
18.0,16.0,22.0,16.925
18.0,16.0,23.0,672.514
18.0,17.0,9.0,113.534
18.0,17.0,10.0,236.141
18.0,17.0,11.0,29.938
18.0,17.0,12.0,27.149
18.0,17.0,13.0,35.514
18.0,17.0,14.0,24.175
18.0,17.0,15.0,8.928
18.0,17.0,16.0,8.428
18.0,17.0,17.0,11.22
18.0,17.0,18.0,10.45
18.0,17.0,19.0,33.874
18.0,17.0,20.0,10.699
18.0,17.0,21.0,646.174
18.0,17.0,22.0,18.455
18.0,17.0,23.0,669.626
18.0,18.0,9.0,721.927
18.0,18.0,10.0,241.119
18.0,18.0,11.0,30.611
18.0,18.0,12.0,26.477
18.0,18.0,13.0,35.568
18.0,18.0,14.0,23.728
18.0,18.0,15.0,8.405
18.0,18.0,16.0,8.778
18.0,18.0,17.0,8.408
18.0,18.0,18.0,9.047
18.0,18.0,19.0,34.635
18.0,18.0,20.0,12.571
18.0,18.0,21.0,648.701
18.0,18.0,22.0,19.78
18.0,18.0,23.0,669.19
18.0,19.0,9.0,715.921
18.0,19.0,10.0,236.187
18.0,19.0,11.0,35.699
18.0,19.0,12.0,27.498
18.0,19.0,13.0,35.085
18.0,19.0,14.0,24.207
18.0,19.0,15.0,8.982
18.0,19.0,16.0,8.476
18.0,19.0,17.0,10.653
18.0,19.0,18.0,9.72
18.0,19.0,19.0,34.702
18.0,19.0,20.0,10.339
18.0,19.0,21.0,647.466
18.0,19.0,22.0,17.819
18.0,19.0,23.0,677.874
18.0,20.0,9.0,716.114
18.0,20.0,10.0,236.503
18.0,20.0,11.0,35.12
18.0,20.0,12.0,27.786
18.0,20.0,13.0,38.435
18.0,20.0,14.0,27.397
18.0,20.0,15.0,9.054
18.0,20.0,16.0,8.461
18.0,20.0,17.0,10.213
18.0,20.0,18.0,9.136
18.0,20.0,19.0,34.416
18.0,20.0,20.0,11.9
18.0,20.0,21.0,648.054
18.0,20.0,22.0,20.039
18.0,20.0,23.0,668.725
18.0,21.0,9.0,715.225
18.0,21.0,10.0,236.458
18.0,21.0,11.0,36.263
18.0,21.0,12.0,34.213
18.0,21.0,13.0,38.838
18.0,21.0,14.0,28.258
18.0,21.0,15.0,9.657
18.0,21.0,16.0,8.633
18.0,21.0,17.0,8.329
18.0,21.0,18.0,9.285
18.0,21.0,19.0,36.437
18.0,21.0,20.0,9.986
18.0,21.0,21.0,649.134
18.0,21.0,22.0,19.022
18.0,21.0,23.0,672.019
18.0,22.0,9.0,717.646
18.0,22.0,10.0,230.427
18.0,22.0,11.0,35.789
18.0,22.0,12.0,38.978
18.0,22.0,13.0,38.264
18.0,22.0,14.0,24.294
18.0,22.0,15.0,8.893
18.0,22.0,16.0,8.572
18.0,22.0,17.0,14.423
18.0,22.0,18.0,8.242
18.0,22.0,19.0,34.505
18.0,22.0,20.0,15.396
18.0,22.0,21.0,648.389
18.0,22.0,22.0,17.422
18.0,22.0,23.0,674.05
18.0,23.0,9.0,717.88
18.0,23.0,10.0,237.4
18.0,23.0,11.0,36.528
18.0,23.0,12.0,42.396
18.0,23.0,13.0,38.607
18.0,23.0,14.0,23.091
18.0,23.0,15.0,8.601
18.0,23.0,16.0,8.859
18.0,23.0,17.0,8.861
18.0,23.0,18.0,9.295
18.0,23.0,19.0,34.034
18.0,23.0,20.0,15.376
18.0,23.0,21.0,650.106
18.0,23.0,22.0,20.357
18.0,23.0,23.0,673.333
18.0,24.0,9.0,715.613
18.0,24.0,10.0,231.362
18.0,24.0,11.0,47.024
18.0,24.0,12.0,39.62
18.0,24.0,13.0,37.881
18.0,24.0,14.0,23.848
18.0,24.0,15.0,10.529
18.0,24.0,16.0,11.487
18.0,24.0,17.0,8.435
18.0,24.0,18.0,9.271
18.0,24.0,19.0,33.979
18.0,24.0,20.0,10.652
18.0,24.0,21.0,647.905
18.0,24.0,22.0,18.567
18.0,24.0,23.0,676.274
19.0,7.0,9.0,105.173
19.0,7.0,10.0,83.489
19.0,7.0,11.0,38.049
19.0,7.0,12.0,49.281
19.0,7.0,13.0,44.998
19.0,7.0,14.0,17.089
19.0,7.0,15.0,17.009
19.0,7.0,16.0,21.862
19.0,7.0,17.0,15.553
19.0,7.0,18.0,17.834
19.0,7.0,19.0,23.875
19.0,7.0,20.0,20.403
19.0,7.0,21.0,1299.38
19.0,7.0,22.0,42.496
19.0,7.0,23.0,1345.611
19.0,8.0,9.0,125.567
19.0,8.0,10.0,71.308
19.0,8.0,11.0,43.089
19.0,8.0,12.0,61.995
19.0,8.0,13.0,44.552
19.0,8.0,14.0,16.85
19.0,8.0,15.0,16.182
19.0,8.0,16.0,16.329
19.0,8.0,17.0,15.532
19.0,8.0,18.0,17.104
19.0,8.0,19.0,21.42
19.0,8.0,20.0,22.956
19.0,8.0,21.0,1295.857
19.0,8.0,22.0,38.14
19.0,8.0,23.0,1345.214
19.0,9.0,9.0,116.665
19.0,9.0,10.0,384.693
19.0,9.0,11.0,50.261
19.0,9.0,12.0,52.352
19.0,9.0,13.0,62.401
19.0,9.0,14.0,16.81
19.0,9.0,15.0,16.42
19.0,9.0,16.0,16.054
19.0,9.0,17.0,15.188
19.0,9.0,18.0,21.863
19.0,9.0,19.0,19.697
19.0,9.0,20.0,19.396
19.0,9.0,21.0,1300.857
19.0,9.0,22.0,56.124
19.0,9.0,23.0,1341.294
19.0,10.0,9.0,161.605
19.0,10.0,10.0,411.706
19.0,10.0,11.0,45.008
19.0,10.0,12.0,54.101
19.0,10.0,13.0,57.483
19.0,10.0,14.0,20.001
19.0,10.0,15.0,16.114
19.0,10.0,16.0,15.834
19.0,10.0,17.0,28.891
19.0,10.0,18.0,22.903
19.0,10.0,19.0,18.231
19.0,10.0,20.0,20.341
19.0,10.0,21.0,1294.977
19.0,10.0,22.0,71.755
19.0,10.0,23.0,1352.678
19.0,11.0,9.0,155.877
19.0,11.0,10.0,441.005
19.0,11.0,11.0,49.315
19.0,11.0,12.0,54.163
19.0,11.0,13.0,68.493
19.0,11.0,14.0,21.589
19.0,11.0,15.0,19.358
19.0,11.0,16.0,25.316
19.0,11.0,17.0,15.356
19.0,11.0,18.0,18.792
19.0,11.0,19.0,18.444
19.0,11.0,20.0,20.891
19.0,11.0,21.0,1300.327
19.0,11.0,22.0,45.242
19.0,11.0,23.0,1345.696
19.0,12.0,9.0,161.932
19.0,12.0,10.0,442.884
19.0,12.0,11.0,60.343
19.0,12.0,12.0,52.071
19.0,12.0,13.0,68.807
19.0,12.0,14.0,17.1
19.0,12.0,15.0,16.246
19.0,12.0,16.0,16.173
19.0,12.0,17.0,17.319
19.0,12.0,18.0,15.558
19.0,12.0,19.0,29.026
19.0,12.0,20.0,19.659
19.0,12.0,21.0,1299.089
19.0,12.0,22.0,25.452
19.0,12.0,23.0,1328.99
19.0,13.0,9.0,165.546
19.0,13.0,10.0,465.352
19.0,13.0,11.0,55.14
19.0,13.0,12.0,55.209
19.0,13.0,13.0,83.235
19.0,13.0,14.0,16.785
19.0,13.0,15.0,15.845
19.0,13.0,16.0,15.39
19.0,13.0,17.0,16.871
19.0,13.0,18.0,17.071
19.0,13.0,19.0,18.489
19.0,13.0,20.0,17.883
19.0,13.0,21.0,1293.924
19.0,13.0,22.0,35.161
19.0,13.0,23.0,1328.427
19.0,14.0,9.0,175.875
19.0,14.0,10.0,460.57
19.0,14.0,11.0,57.787
19.0,14.0,12.0,52.005
19.0,14.0,13.0,75.386
19.0,14.0,14.0,41.849
19.0,14.0,15.0,16.695
19.0,14.0,16.0,15.784
19.0,14.0,17.0,18.042
19.0,14.0,18.0,15.583
19.0,14.0,19.0,16.815
19.0,14.0,20.0,18.178
19.0,14.0,21.0,1291.718
19.0,14.0,22.0,27.536
19.0,14.0,23.0,1342.434
19.0,15.0,9.0,229.792
19.0,15.0,10.0,462.493
19.0,15.0,11.0,56.062
19.0,15.0,12.0,65.626
19.0,15.0,13.0,69.903
19.0,15.0,14.0,47.841
19.0,15.0,15.0,18.895
19.0,15.0,16.0,16.006
19.0,15.0,17.0,14.355
19.0,15.0,18.0,19.552
19.0,15.0,19.0,14.08
19.0,15.0,20.0,18.275
19.0,15.0,21.0,1290.314
19.0,15.0,22.0,29.726
19.0,15.0,23.0,1333.086
19.0,16.0,9.0,210.963
19.0,16.0,10.0,464.595
19.0,16.0,11.0,61.302
19.0,16.0,12.0,52.173
19.0,16.0,13.0,68.876
19.0,16.0,14.0,43.512
19.0,16.0,15.0,16.16
19.0,16.0,16.0,17.588
19.0,16.0,17.0,18.132
19.0,16.0,18.0,14.983
19.0,16.0,19.0,16.739
19.0,16.0,20.0,16.748
19.0,16.0,21.0,1295.627
19.0,16.0,22.0,26.898
19.0,16.0,23.0,1327.762
19.0,17.0,9.0,218.496
19.0,17.0,10.0,460.679
19.0,17.0,11.0,62.709
19.0,17.0,12.0,64.867
19.0,17.0,13.0,69.917
19.0,17.0,14.0,48.027
19.0,17.0,15.0,16.166
19.0,17.0,16.0,15.529
19.0,17.0,17.0,15.762
19.0,17.0,18.0,29.135
19.0,17.0,19.0,13.723
19.0,17.0,20.0,21.061
19.0,17.0,21.0,1292.807
19.0,17.0,22.0,37.38
19.0,17.0,23.0,1359.371
19.0,18.0,9.0,1430.501
19.0,18.0,10.0,463.909
19.0,18.0,11.0,66.13
19.0,18.0,12.0,53.523
19.0,18.0,13.0,73.414
19.0,18.0,14.0,49.174
19.0,18.0,15.0,17.412
19.0,18.0,16.0,15.172
19.0,18.0,17.0,14.948
19.0,18.0,18.0,17.174
19.0,18.0,19.0,14.407
19.0,18.0,20.0,17.404
19.0,18.0,21.0,1287.265
19.0,18.0,22.0,22.365
19.0,18.0,23.0,1327.024
19.0,19.0,9.0,1431.964
19.0,19.0,10.0,456.967
19.0,19.0,11.0,67.882
19.0,19.0,12.0,56.664
19.0,19.0,13.0,72.31
19.0,19.0,14.0,58.687
19.0,19.0,15.0,19.711
19.0,19.0,16.0,14.434
19.0,19.0,17.0,12.71
19.0,19.0,18.0,15.351
19.0,19.0,19.0,14.234
19.0,19.0,20.0,18.934
19.0,19.0,21.0,1294.764
19.0,19.0,22.0,42.071
19.0,19.0,23.0,1333.86
19.0,20.0,9.0,1436.385
19.0,20.0,10.0,465.529
19.0,20.0,11.0,64.174
19.0,20.0,12.0,52.097
19.0,20.0,13.0,83.676
19.0,20.0,14.0,48.003
19.0,20.0,15.0,18.664
19.0,20.0,16.0,16.466
19.0,20.0,17.0,15.661
19.0,20.0,18.0,16.24
19.0,20.0,19.0,15.432
19.0,20.0,20.0,16.628
19.0,20.0,21.0,1292.326
19.0,20.0,22.0,23.25
19.0,20.0,23.0,1331.752
19.0,21.0,9.0,1432.429
19.0,21.0,10.0,461.796
19.0,21.0,11.0,69.67
19.0,21.0,12.0,62.129
19.0,21.0,13.0,75.704
19.0,21.0,14.0,54.065
19.0,21.0,15.0,16.011
19.0,21.0,16.0,16.737
19.0,21.0,17.0,14.972
19.0,21.0,18.0,14.935
19.0,21.0,19.0,14.006
19.0,21.0,20.0,17.649
19.0,21.0,21.0,1292.793
19.0,21.0,22.0,25.178
19.0,21.0,23.0,1334.958
19.0,22.0,9.0,1435.659
19.0,22.0,10.0,461.039
19.0,22.0,11.0,71.359
19.0,22.0,12.0,80.928
19.0,22.0,13.0,76.666
19.0,22.0,14.0,47.469
19.0,22.0,15.0,17.159
19.0,22.0,16.0,24.662
19.0,22.0,17.0,14.729
19.0,22.0,18.0,16.293
19.0,22.0,19.0,14.792
19.0,22.0,20.0,17.812
19.0,22.0,21.0,1301.007
19.0,22.0,22.0,33.792
19.0,22.0,23.0,1327.189
19.0,23.0,9.0,1429.763
19.0,23.0,10.0,459.918
19.0,23.0,11.0,72.509
19.0,23.0,12.0,79.98
19.0,23.0,13.0,79.512
19.0,23.0,14.0,47.248
19.0,23.0,15.0,15.776
19.0,23.0,16.0,19.118
19.0,23.0,17.0,15.301
19.0,23.0,18.0,14.96
19.0,23.0,19.0,14.515
19.0,23.0,20.0,17.331
19.0,23.0,21.0,1294.898
19.0,23.0,22.0,28.558
19.0,23.0,23.0,1328.385
19.0,24.0,9.0,1433.339
19.0,24.0,10.0,460.045
19.0,24.0,11.0,86.638
19.0,24.0,12.0,82.628
19.0,24.0,13.0,78.845
19.0,24.0,14.0,52.589
19.0,24.0,15.0,18.801
19.0,24.0,16.0,13.156
19.0,24.0,17.0,14.818
19.0,24.0,18.0,14.766
19.0,24.0,19.0,14.804
19.0,24.0,20.0,18.613
19.0,24.0,21.0,1292.46
19.0,24.0,22.0,22.474
19.0,24.0,23.0,1346.542
20.0,7.0,9.0,197.6
20.0,7.0,10.0,144.772
20.0,7.0,11.0,73.819
20.0,7.0,12.0,104.443
20.0,7.0,13.0,89.666
20.0,7.0,14.0,31.58
20.0,7.0,15.0,37.454
20.0,7.0,16.0,33.962
20.0,7.0,17.0,31.275
20.0,7.0,18.0,29.182
20.0,7.0,19.0,30.202
20.0,7.0,20.0,34.618
20.0,7.0,21.0,2592.506
20.0,7.0,22.0,48.366
20.0,7.0,23.0,2659.493
20.0,8.0,9.0,246.406
20.0,8.0,10.0,145.563
20.0,8.0,11.0,83.865
20.0,8.0,12.0,102.198
20.0,8.0,13.0,90.316
20.0,8.0,14.0,34.541
20.0,8.0,15.0,31.285
20.0,8.0,16.0,30.963
20.0,8.0,17.0,30.245
20.0,8.0,18.0,31.744
20.0,8.0,19.0,32.03
20.0,8.0,20.0,34.007
20.0,8.0,21.0,2597.762
20.0,8.0,22.0,59.383
20.0,8.0,23.0,2671.431
20.0,9.0,9.0,250.634
20.0,9.0,10.0,757.847
20.0,9.0,11.0,85.984
20.0,9.0,12.0,101.94
20.0,9.0,13.0,121.141
20.0,9.0,14.0,33.029
20.0,9.0,15.0,32.002
20.0,9.0,16.0,33.017
20.0,9.0,17.0,32.375
20.0,9.0,18.0,29.678
20.0,9.0,19.0,27.827
20.0,9.0,20.0,32.73
20.0,9.0,21.0,2581.239
20.0,9.0,22.0,57.297
20.0,9.0,23.0,2655.537
20.0,10.0,9.0,308.412
20.0,10.0,10.0,825.592
20.0,10.0,11.0,91.185
20.0,10.0,12.0,99.111
20.0,10.0,13.0,115.271
20.0,10.0,14.0,33.691
20.0,10.0,15.0,30.913
20.0,10.0,16.0,31.464
20.0,10.0,17.0,29.123
20.0,10.0,18.0,27.77
20.0,10.0,19.0,28.232
20.0,10.0,20.0,35.412
20.0,10.0,21.0,2582.401
20.0,10.0,22.0,51.219
20.0,10.0,23.0,2655.745
20.0,11.0,9.0,297.81
20.0,11.0,10.0,887.266
20.0,11.0,11.0,97.878
20.0,11.0,12.0,106.713
20.0,11.0,13.0,136.609
20.0,11.0,14.0,36.208
20.0,11.0,15.0,34.039
20.0,11.0,16.0,31.405
20.0,11.0,17.0,35.361
20.0,11.0,18.0,33.114
20.0,11.0,19.0,25.497
20.0,11.0,20.0,33.072
20.0,11.0,21.0,2588.83
20.0,11.0,22.0,66.586
20.0,11.0,23.0,2651.656
20.0,12.0,9.0,316.277
20.0,12.0,10.0,879.889
20.0,12.0,11.0,104.48
20.0,12.0,12.0,110.133
20.0,12.0,13.0,137.763
20.0,12.0,14.0,39.097
20.0,12.0,15.0,34.055
20.0,12.0,16.0,28.0
20.0,12.0,17.0,85.88
20.0,12.0,18.0,36.278
20.0,12.0,19.0,29.338
20.0,12.0,20.0,33.667
20.0,12.0,21.0,2579.473
20.0,12.0,22.0,42.922
20.0,12.0,23.0,2635.173
20.0,13.0,9.0,335.497
20.0,13.0,10.0,927.987
20.0,13.0,11.0,103.526
20.0,13.0,12.0,105.798
20.0,13.0,13.0,135.832
20.0,13.0,14.0,33.231
20.0,13.0,15.0,31.934
20.0,13.0,16.0,30.06
20.0,13.0,17.0,33.571
20.0,13.0,18.0,27.962
20.0,13.0,19.0,27.976
20.0,13.0,20.0,34.316
20.0,13.0,21.0,2590.781
20.0,13.0,22.0,40.122
20.0,13.0,23.0,2654.472
20.0,14.0,9.0,350.92
20.0,14.0,10.0,930.081
20.0,14.0,11.0,116.143
20.0,14.0,12.0,103.544
20.0,14.0,13.0,137.151
20.0,14.0,14.0,84.321
20.0,14.0,15.0,32.161
20.0,14.0,16.0,31.496
20.0,14.0,17.0,29.453
20.0,14.0,18.0,30.181
20.0,14.0,19.0,26.313
20.0,14.0,20.0,26.54
20.0,14.0,21.0,2583.273
20.0,14.0,22.0,37.239
20.0,14.0,23.0,2638.267
20.0,15.0,9.0,406.134
20.0,15.0,10.0,918.436
20.0,15.0,11.0,119.662
20.0,15.0,12.0,104.16
20.0,15.0,13.0,145.143
20.0,15.0,14.0,83.081
20.0,15.0,15.0,30.356
20.0,15.0,16.0,41.706
20.0,15.0,17.0,28.997
20.0,15.0,18.0,26.312
20.0,15.0,19.0,34.777
20.0,15.0,20.0,30.36
20.0,15.0,21.0,2573.424
20.0,15.0,22.0,38.528
20.0,15.0,23.0,2641.543
20.0,16.0,9.0,423.41
20.0,16.0,10.0,924.788
20.0,16.0,11.0,128.167
20.0,16.0,12.0,108.7
20.0,16.0,13.0,140.249
20.0,16.0,14.0,84.593
20.0,16.0,15.0,31.337
20.0,16.0,16.0,42.417
20.0,16.0,17.0,30.747
20.0,16.0,18.0,28.33
20.0,16.0,19.0,26.955
20.0,16.0,20.0,31.693
20.0,16.0,21.0,2580.887
20.0,16.0,22.0,38.747
20.0,16.0,23.0,2638.709
20.0,17.0,9.0,440.015
20.0,17.0,10.0,923.569
20.0,17.0,11.0,134.045
20.0,17.0,12.0,105.908
20.0,17.0,13.0,156.127
20.0,17.0,14.0,94.522
20.0,17.0,15.0,36.655
20.0,17.0,16.0,31.468
20.0,17.0,17.0,29.079
20.0,17.0,18.0,31.814
20.0,17.0,19.0,32.461
20.0,17.0,20.0,27.366
20.0,17.0,21.0,2576.654
20.0,17.0,22.0,38.767
20.0,17.0,23.0,2626.79
20.0,18.0,9.0,2857.719
20.0,18.0,10.0,922.0
20.0,18.0,11.0,146.082
20.0,18.0,12.0,104.157
20.0,18.0,13.0,166.662
20.0,18.0,14.0,89.711
20.0,18.0,15.0,33.268
20.0,18.0,16.0,32.47
20.0,18.0,17.0,29.487
20.0,18.0,18.0,27.566
20.0,18.0,19.0,27.767
20.0,18.0,20.0,36.755
20.0,18.0,21.0,2578.131
20.0,18.0,22.0,48.643
20.0,18.0,23.0,2655.651
20.0,19.0,9.0,2886.003
20.0,19.0,10.0,927.376
20.0,19.0,11.0,132.777
20.0,19.0,12.0,105.908
20.0,19.0,13.0,136.395
20.0,19.0,14.0,99.45
20.0,19.0,15.0,32.674
20.0,19.0,16.0,29.85
20.0,19.0,17.0,28.649
20.0,19.0,18.0,27.567
20.0,19.0,19.0,27.981
20.0,19.0,20.0,30.978
20.0,19.0,21.0,2576.125
20.0,19.0,22.0,37.472
20.0,19.0,23.0,2636.718
20.0,20.0,9.0,2847.889
20.0,20.0,10.0,929.85
20.0,20.0,11.0,145.047
20.0,20.0,12.0,105.898
20.0,20.0,13.0,151.563
20.0,20.0,14.0,96.169
20.0,20.0,15.0,34.672
20.0,20.0,16.0,28.748
20.0,20.0,17.0,29.091
20.0,20.0,18.0,27.527
20.0,20.0,19.0,30.403
20.0,20.0,20.0,26.354
20.0,20.0,21.0,2576.198
20.0,20.0,22.0,37.0
20.0,20.0,23.0,2641.955
20.0,21.0,9.0,2853.885
20.0,21.0,10.0,943.482
20.0,21.0,11.0,141.351
20.0,21.0,12.0,125.823
20.0,21.0,13.0,149.19
20.0,21.0,14.0,94.986
20.0,21.0,15.0,28.082
20.0,21.0,16.0,29.116
20.0,21.0,17.0,28.959
20.0,21.0,18.0,27.858
20.0,21.0,19.0,26.267
20.0,21.0,20.0,26.115
20.0,21.0,21.0,2583.645
20.0,21.0,22.0,38.407
20.0,21.0,23.0,2635.368
20.0,22.0,9.0,2863.002
20.0,22.0,10.0,922.045
20.0,22.0,11.0,141.867
20.0,22.0,12.0,156.471
20.0,22.0,13.0,148.35
20.0,22.0,14.0,94.172
20.0,22.0,15.0,37.165
20.0,22.0,16.0,30.309
20.0,22.0,17.0,33.012
20.0,22.0,18.0,27.02
20.0,22.0,19.0,31.02
20.0,22.0,20.0,26.548
20.0,22.0,21.0,2583.886
20.0,22.0,22.0,38.387
20.0,22.0,23.0,2638.759
20.0,23.0,9.0,2882.421
20.0,23.0,10.0,926.299
20.0,23.0,11.0,147.364
20.0,23.0,12.0,158.396
20.0,23.0,13.0,149.259
20.0,23.0,14.0,92.967
20.0,23.0,15.0,30.134
20.0,23.0,16.0,30.5
20.0,23.0,17.0,29.718
20.0,23.0,18.0,27.915
20.0,23.0,19.0,37.492
20.0,23.0,20.0,26.5
20.0,23.0,21.0,2581.323
20.0,23.0,22.0,37.607
20.0,23.0,23.0,2633.233
20.0,24.0,9.0,2860.776
20.0,24.0,10.0,921.737
20.0,24.0,11.0,177.533
20.0,24.0,12.0,159.666
20.0,24.0,13.0,148.957
20.0,24.0,14.0,95.431
20.0,24.0,15.0,32.89
20.0,24.0,16.0,31.135
20.0,24.0,17.0,28.74
20.0,24.0,18.0,27.317
20.0,24.0,19.0,36.409
20.0,24.0,20.0,27.581
20.0,24.0,21.0,2604.334
20.0,24.0,22.0,37.983
20.0,24.0,23.0,2642.575
21.0,7.0,9.0,401.471
21.0,7.0,10.0,284.984
21.0,7.0,11.0,143.469
21.0,7.0,12.0,196.87
21.0,7.0,13.0,175.703
21.0,7.0,14.0,63.838
21.0,7.0,15.0,58.629
21.0,7.0,16.0,61.966
21.0,7.0,17.0,59.809
21.0,7.0,18.0,52.449
21.0,7.0,19.0,52.903
21.0,7.0,20.0,50.81
21.0,7.0,21.0,63.544
21.0,7.0,22.0,74.325
21.0,7.0,23.0,5267.218
21.0,8.0,9.0,497.563
21.0,8.0,10.0,284.901
21.0,8.0,11.0,164.872
21.0,8.0,12.0,206.9
21.0,8.0,13.0,173.843
21.0,8.0,14.0,76.74
21.0,8.0,15.0,59.834
21.0,8.0,16.0,59.718
21.0,8.0,17.0,56.09
21.0,8.0,18.0,53.846
21.0,8.0,19.0,54.39
21.0,8.0,20.0,52.084
21.0,8.0,21.0,69.827
21.0,8.0,22.0,75.092
21.0,8.0,23.0,5275.722
21.0,9.0,9.0,502.951
21.0,9.0,10.0,1532.632
21.0,9.0,11.0,172.648
21.0,9.0,12.0,198.37
21.0,9.0,13.0,217.049
21.0,9.0,14.0,65.983
21.0,9.0,15.0,61.727
21.0,9.0,16.0,55.4
21.0,9.0,17.0,52.882
21.0,9.0,18.0,52.933
21.0,9.0,19.0,54.22
21.0,9.0,20.0,51.837
21.0,9.0,21.0,66.043
21.0,9.0,22.0,75.364
21.0,9.0,23.0,5268.788
21.0,10.0,9.0,564.905
21.0,10.0,10.0,1635.378
21.0,10.0,11.0,176.306
21.0,10.0,12.0,200.599
21.0,10.0,13.0,227.397
21.0,10.0,14.0,64.713
21.0,10.0,15.0,85.151
21.0,10.0,16.0,57.874
21.0,10.0,17.0,54.879
21.0,10.0,18.0,54.098
21.0,10.0,19.0,52.22
21.0,10.0,20.0,51.96
21.0,10.0,21.0,70.899
21.0,10.0,22.0,74.49
21.0,10.0,23.0,5271.894
21.0,11.0,9.0,620.092
21.0,11.0,10.0,1767.428
21.0,11.0,11.0,174.146
21.0,11.0,12.0,216.808
21.0,11.0,13.0,270.332
21.0,11.0,14.0,67.738
21.0,11.0,15.0,61.843
21.0,11.0,16.0,57.674
21.0,11.0,17.0,54.228
21.0,11.0,18.0,53.624
21.0,11.0,19.0,53.064
21.0,11.0,20.0,51.847
21.0,11.0,21.0,63.807
21.0,11.0,22.0,80.601
21.0,11.0,23.0,5268.46
21.0,12.0,9.0,634.327
21.0,12.0,10.0,1767.354
21.0,12.0,11.0,200.251
21.0,12.0,12.0,208.549
21.0,12.0,13.0,267.932
21.0,12.0,14.0,66.117
21.0,12.0,15.0,62.857
21.0,12.0,16.0,57.143
21.0,12.0,17.0,59.621
21.0,12.0,18.0,52.317
21.0,12.0,19.0,54.582
21.0,12.0,20.0,51.105
21.0,12.0,21.0,64.573
21.0,12.0,22.0,64.126
21.0,12.0,23.0,5249.619
21.0,13.0,9.0,666.643
21.0,13.0,10.0,1838.05
21.0,13.0,11.0,218.62
21.0,13.0,12.0,213.736
21.0,13.0,13.0,269.27
21.0,13.0,14.0,63.658
21.0,13.0,15.0,60.6
21.0,13.0,16.0,57.966
21.0,13.0,17.0,54.133
21.0,13.0,18.0,53.386
21.0,13.0,19.0,52.76
21.0,13.0,20.0,49.654
21.0,13.0,21.0,52.234
21.0,13.0,22.0,57.974
21.0,13.0,23.0,5267.925
21.0,14.0,9.0,711.256
21.0,14.0,10.0,1841.671
21.0,14.0,11.0,230.065
21.0,14.0,12.0,208.913
21.0,14.0,13.0,270.107
21.0,14.0,14.0,165.256
21.0,14.0,15.0,61.195
21.0,14.0,16.0,59.912
21.0,14.0,17.0,54.402
21.0,14.0,18.0,53.591
21.0,14.0,19.0,53.231
21.0,14.0,20.0,51.641
21.0,14.0,21.0,51.818
21.0,14.0,22.0,64.484
21.0,14.0,23.0,5267.927
21.0,15.0,9.0,816.077
21.0,15.0,10.0,1835.637
21.0,15.0,11.0,225.538
21.0,15.0,12.0,210.657
21.0,15.0,13.0,267.682
21.0,15.0,14.0,163.763
21.0,15.0,15.0,63.121
21.0,15.0,16.0,58.627
21.0,15.0,17.0,56.218
21.0,15.0,18.0,53.022
21.0,15.0,19.0,51.396
21.0,15.0,20.0,54.496
21.0,15.0,21.0,51.832
21.0,15.0,22.0,65.625
21.0,15.0,23.0,5245.933
21.0,16.0,9.0,864.172
21.0,16.0,10.0,1844.605
21.0,16.0,11.0,241.487
21.0,16.0,12.0,223.542
21.0,16.0,13.0,272.311
21.0,16.0,14.0,166.252
21.0,16.0,15.0,60.998
21.0,16.0,16.0,60.035
21.0,16.0,17.0,58.872
21.0,16.0,18.0,55.253
21.0,16.0,19.0,51.637
21.0,16.0,20.0,50.834
21.0,16.0,21.0,49.966
21.0,16.0,22.0,74.491
21.0,16.0,23.0,5300.825
21.0,17.0,9.0,886.606
21.0,17.0,10.0,1842.074
21.0,17.0,11.0,264.22
21.0,17.0,12.0,212.496
21.0,17.0,13.0,275.742
21.0,17.0,14.0,176.975
21.0,17.0,15.0,62.014
21.0,17.0,16.0,59.586
21.0,17.0,17.0,52.262
21.0,17.0,18.0,53.584
21.0,17.0,19.0,52.089
21.0,17.0,20.0,57.836
21.0,17.0,21.0,51.777
21.0,17.0,22.0,68.005
21.0,17.0,23.0,5264.061
21.0,18.0,9.0,5712.452
21.0,18.0,10.0,1842.142
21.0,18.0,11.0,269.489
21.0,18.0,12.0,207.128
21.0,18.0,13.0,270.584
21.0,18.0,14.0,186.214
21.0,18.0,15.0,59.566
21.0,18.0,16.0,60.335
21.0,18.0,17.0,56.087
21.0,18.0,18.0,54.174
21.0,18.0,19.0,53.581
21.0,18.0,20.0,52.531
21.0,18.0,21.0,49.801
21.0,18.0,22.0,66.97
21.0,18.0,23.0,5256.142
21.0,19.0,9.0,5714.808
21.0,19.0,10.0,1844.225
21.0,19.0,11.0,256.952
21.0,19.0,12.0,211.852
21.0,19.0,13.0,269.934
21.0,19.0,14.0,192.919
21.0,19.0,15.0,62.691
21.0,19.0,16.0,61.655
21.0,19.0,17.0,61.777
21.0,19.0,18.0,53.876
21.0,19.0,19.0,52.462
21.0,19.0,20.0,55.603
21.0,19.0,21.0,50.332
21.0,19.0,22.0,65.225
21.0,19.0,23.0,5272.179
21.0,20.0,9.0,5721.654
21.0,20.0,10.0,1848.622
21.0,20.0,11.0,270.811
21.0,20.0,12.0,213.068
21.0,20.0,13.0,292.938
21.0,20.0,14.0,193.007
21.0,20.0,15.0,63.407
21.0,20.0,16.0,58.609
21.0,20.0,17.0,55.192
21.0,20.0,18.0,50.636
21.0,20.0,19.0,52.589
21.0,20.0,20.0,50.838
21.0,20.0,21.0,51.689
21.0,20.0,22.0,65.319
21.0,20.0,23.0,5257.174
21.0,21.0,9.0,5719.312
21.0,21.0,10.0,1838.353
21.0,21.0,11.0,264.986
21.0,21.0,12.0,257.792
21.0,21.0,13.0,295.639
21.0,21.0,14.0,192.661
21.0,21.0,15.0,63.778
21.0,21.0,16.0,62.35
21.0,21.0,17.0,55.449
21.0,21.0,18.0,52.756
21.0,21.0,19.0,47.912
21.0,21.0,20.0,50.48
21.0,21.0,21.0,49.79
21.0,21.0,22.0,64.659
21.0,21.0,23.0,5245.937
21.0,22.0,9.0,5718.821
21.0,22.0,10.0,1848.621
21.0,22.0,11.0,285.186
21.0,22.0,12.0,315.188
21.0,22.0,13.0,295.653
21.0,22.0,14.0,189.918
21.0,22.0,15.0,62.388
21.0,22.0,16.0,57.191
21.0,22.0,17.0,56.892
21.0,22.0,18.0,54.638
21.0,22.0,19.0,52.512
21.0,22.0,20.0,56.701
21.0,22.0,21.0,68.048
21.0,22.0,22.0,67.992
21.0,22.0,23.0,5251.677
21.0,23.0,9.0,5718.757
21.0,23.0,10.0,1846.724
21.0,23.0,11.0,292.959
21.0,23.0,12.0,316.262
21.0,23.0,13.0,297.578
21.0,23.0,14.0,191.49
21.0,23.0,15.0,63.695
21.0,23.0,16.0,58.864
21.0,23.0,17.0,54.802
21.0,23.0,18.0,53.758
21.0,23.0,19.0,53.795
21.0,23.0,20.0,50.945
21.0,23.0,21.0,51.621
21.0,23.0,22.0,67.606
21.0,23.0,23.0,5257.176
21.0,24.0,9.0,5718.979
21.0,24.0,10.0,1842.524
21.0,24.0,11.0,364.074
21.0,24.0,12.0,316.494
21.0,24.0,13.0,307.957
21.0,24.0,14.0,186.739
21.0,24.0,15.0,63.69
21.0,24.0,16.0,59.116
21.0,24.0,17.0,48.147
21.0,24.0,18.0,54.524
21.0,24.0,19.0,52.895
21.0,24.0,20.0,51.17
21.0,24.0,21.0,50.159
21.0,24.0,22.0,65.877
21.0,24.0,23.0,5261.011
22.0,7.0,9.0,836.727
22.0,7.0,10.0,563.866
22.0,7.0,11.0,287.563
22.0,7.0,12.0,384.778
22.0,7.0,13.0,351.856
22.0,7.0,14.0,119.5
22.0,7.0,15.0,115.683
22.0,7.0,16.0,113.336
22.0,7.0,17.0,107.837
22.0,7.0,18.0,110.268
22.0,7.0,19.0,101.985
22.0,7.0,20.0,100.749
22.0,7.0,21.0,103.485
22.0,7.0,22.0,132.073
22.0,7.0,23.0,10503.61
22.0,8.0,9.0,992.236
22.0,8.0,10.0,567.758
22.0,8.0,11.0,322.883
22.0,8.0,12.0,416.507
22.0,8.0,13.0,344.716
22.0,8.0,14.0,128.5
22.0,8.0,15.0,115.312
22.0,8.0,16.0,115.883
22.0,8.0,17.0,110.164
22.0,8.0,18.0,106.699
22.0,8.0,19.0,98.485
22.0,8.0,20.0,98.928
22.0,8.0,21.0,101.632
22.0,8.0,22.0,130.503
22.0,8.0,23.0,10503.209
22.0,9.0,9.0,995.854
22.0,9.0,10.0,3049.488
22.0,9.0,11.0,336.282
22.0,9.0,12.0,399.399
22.0,9.0,13.0,436.98
22.0,9.0,14.0,132.613
22.0,9.0,15.0,123.217
22.0,9.0,16.0,110.434
22.0,9.0,17.0,111.907
22.0,9.0,18.0,108.026
22.0,9.0,19.0,104.228
22.0,9.0,20.0,102.551
22.0,9.0,21.0,99.764
22.0,9.0,22.0,132.391
22.0,9.0,23.0,10508.063
22.0,10.0,9.0,1156.53
22.0,10.0,10.0,3262.805
22.0,10.0,11.0,355.607
22.0,10.0,12.0,396.014
22.0,10.0,13.0,453.897
22.0,10.0,14.0,130.75
22.0,10.0,15.0,117.093
22.0,10.0,16.0,111.262
22.0,10.0,17.0,112.377
22.0,10.0,18.0,103.906
22.0,10.0,19.0,120.501
22.0,10.0,20.0,99.952
22.0,10.0,21.0,103.566
22.0,10.0,22.0,129.066
22.0,10.0,23.0,10493.949
22.0,11.0,9.0,1231.653
22.0,11.0,10.0,3514.865
22.0,11.0,11.0,362.52
22.0,11.0,12.0,416.109
22.0,11.0,13.0,537.176
22.0,11.0,14.0,131.672
22.0,11.0,15.0,120.125
22.0,11.0,16.0,113.113
22.0,11.0,17.0,109.44
22.0,11.0,18.0,109.879
22.0,11.0,19.0,102.456
22.0,11.0,20.0,101.317
22.0,11.0,21.0,87.715
22.0,11.0,22.0,127.31
22.0,11.0,23.0,10498.847
22.0,12.0,9.0,1281.159
22.0,12.0,10.0,3502.947
22.0,12.0,11.0,418.133
22.0,12.0,12.0,427.758
22.0,12.0,13.0,533.963
22.0,12.0,14.0,133.348
22.0,12.0,15.0,117.863
22.0,12.0,16.0,101.16
22.0,12.0,17.0,115.983
22.0,12.0,18.0,106.294
22.0,12.0,19.0,101.58
22.0,12.0,20.0,97.159
22.0,12.0,21.0,100.888
22.0,12.0,22.0,101.041
22.0,12.0,23.0,10473.674
22.0,13.0,9.0,1445.71
22.0,13.0,10.0,3686.545
22.0,13.0,11.0,443.922
22.0,13.0,12.0,410.362
22.0,13.0,13.0,534.522
22.0,13.0,14.0,129.837
22.0,13.0,15.0,119.125
22.0,13.0,16.0,111.985
22.0,13.0,17.0,107.919
22.0,13.0,18.0,108.211
22.0,13.0,19.0,101.308
22.0,13.0,20.0,99.212
22.0,13.0,21.0,96.645
22.0,13.0,22.0,111.829
22.0,13.0,23.0,10484.116
22.0,14.0,9.0,1395.32
22.0,14.0,10.0,3678.474
22.0,14.0,11.0,455.997
22.0,14.0,12.0,418.627
22.0,14.0,13.0,533.261
22.0,14.0,14.0,327.602
22.0,14.0,15.0,120.261
22.0,14.0,16.0,116.741
22.0,14.0,17.0,106.785
22.0,14.0,18.0,106.03
22.0,14.0,19.0,102.01
22.0,14.0,20.0,98.38
22.0,14.0,21.0,99.499
22.0,14.0,22.0,102.151
22.0,14.0,23.0,10492.08
22.0,15.0,9.0,1619.875
22.0,15.0,10.0,3689.48
22.0,15.0,11.0,466.549
22.0,15.0,12.0,416.616
22.0,15.0,13.0,541.201
22.0,15.0,14.0,330.73
22.0,15.0,15.0,119.615
22.0,15.0,16.0,110.74
22.0,15.0,17.0,114.154
22.0,15.0,18.0,107.297
22.0,15.0,19.0,101.042
22.0,15.0,20.0,96.078
22.0,15.0,21.0,97.533
22.0,15.0,22.0,111.008
22.0,15.0,23.0,10493.79
22.0,16.0,9.0,1687.407
22.0,16.0,10.0,3685.214
22.0,16.0,11.0,490.329
22.0,16.0,12.0,419.492
22.0,16.0,13.0,538.901
22.0,16.0,14.0,332.956
22.0,16.0,15.0,122.314
22.0,16.0,16.0,116.505
22.0,16.0,17.0,101.877
22.0,16.0,18.0,108.287
22.0,16.0,19.0,108.0
22.0,16.0,20.0,97.77
22.0,16.0,21.0,96.802
22.0,16.0,22.0,98.332
22.0,16.0,23.0,10498.51
22.0,17.0,9.0,1744.461
22.0,17.0,10.0,3676.023
22.0,17.0,11.0,479.897
22.0,17.0,12.0,419.39
22.0,17.0,13.0,536.619
22.0,17.0,14.0,366.801
22.0,17.0,15.0,123.626
22.0,17.0,16.0,115.266
22.0,17.0,17.0,108.25
22.0,17.0,18.0,104.904
22.0,17.0,19.0,104.765
22.0,17.0,20.0,98.369
22.0,17.0,21.0,99.154
22.0,17.0,22.0,95.716
22.0,17.0,23.0,10489.926
22.0,18.0,9.0,11434.496
22.0,18.0,10.0,3787.457
22.0,18.0,11.0,522.764
22.0,18.0,12.0,413.276
22.0,18.0,13.0,542.237
22.0,18.0,14.0,356.754
22.0,18.0,15.0,124.116
22.0,18.0,16.0,113.564
22.0,18.0,17.0,109.296
22.0,18.0,18.0,106.404
22.0,18.0,19.0,101.283
22.0,18.0,20.0,97.337
22.0,18.0,21.0,97.674
22.0,18.0,22.0,103.932
22.0,18.0,23.0,10469.738
22.0,19.0,9.0,11432.82
22.0,19.0,10.0,3680.566
22.0,19.0,11.0,534.42
22.0,19.0,12.0,436.41
22.0,19.0,13.0,553.103
22.0,19.0,14.0,375.215
22.0,19.0,15.0,119.861
22.0,19.0,16.0,115.767
22.0,19.0,17.0,121.563
22.0,19.0,18.0,106.533
22.0,19.0,19.0,100.352
22.0,19.0,20.0,96.731
22.0,19.0,21.0,95.867
22.0,19.0,22.0,104.221
22.0,19.0,23.0,10475.667
22.0,20.0,9.0,11440.101
22.0,20.0,10.0,3675.82
22.0,20.0,11.0,544.692
22.0,20.0,12.0,417.536
22.0,20.0,13.0,585.31
22.0,20.0,14.0,385.833
22.0,20.0,15.0,124.941
22.0,20.0,16.0,121.356
22.0,20.0,17.0,107.215
22.0,20.0,18.0,107.848
22.0,20.0,19.0,103.272
22.0,20.0,20.0,99.378
22.0,20.0,21.0,97.233
22.0,20.0,22.0,107.787
22.0,20.0,23.0,10475.93
22.0,21.0,9.0,11433.546
22.0,21.0,10.0,3686.112
22.0,21.0,11.0,550.376
22.0,21.0,12.0,496.954
22.0,21.0,13.0,585.345
22.0,21.0,14.0,374.494
22.0,21.0,15.0,120.699
22.0,21.0,16.0,114.554
22.0,21.0,17.0,109.355
22.0,21.0,18.0,106.263
22.0,21.0,19.0,103.594
22.0,21.0,20.0,99.139
22.0,21.0,21.0,98.238
22.0,21.0,22.0,104.999
22.0,21.0,23.0,10494.159
22.0,22.0,9.0,11433.818
22.0,22.0,10.0,3705.505
22.0,22.0,11.0,572.56
22.0,22.0,12.0,649.63
22.0,22.0,13.0,608.839
22.0,22.0,14.0,373.247
22.0,22.0,15.0,121.452
22.0,22.0,16.0,142.694
22.0,22.0,17.0,106.472
22.0,22.0,18.0,103.129
22.0,22.0,19.0,102.203
22.0,22.0,20.0,93.345
22.0,22.0,21.0,102.861
22.0,22.0,22.0,111.751
22.0,22.0,23.0,10487.654
22.0,23.0,9.0,11431.828
22.0,23.0,10.0,3682.837
22.0,23.0,11.0,580.464
22.0,23.0,12.0,631.624
22.0,23.0,13.0,589.652
22.0,23.0,14.0,373.225
22.0,23.0,15.0,125.523
22.0,23.0,16.0,117.51
22.0,23.0,17.0,109.489
22.0,23.0,18.0,131.076
22.0,23.0,19.0,105.611
22.0,23.0,20.0,100.714
22.0,23.0,21.0,100.122
22.0,23.0,22.0,103.57
22.0,23.0,23.0,10502.34
22.0,24.0,9.0,11435.334
22.0,24.0,10.0,3676.72
22.0,24.0,11.0,709.172
22.0,24.0,12.0,637.261
22.0,24.0,13.0,584.768
22.0,24.0,14.0,375.709
22.0,24.0,15.0,123.111
22.0,24.0,16.0,117.176
22.0,24.0,17.0,112.818
22.0,24.0,18.0,107.044
22.0,24.0,19.0,104.533
22.0,24.0,20.0,96.215
22.0,24.0,21.0,105.213
22.0,24.0,22.0,100.722
22.0,24.0,23.0,10485.271
